,author_names
none,32197
john,278
david,222
robert,216
michael,205
and,198
james,179
of,156
richard,142
by,139
martin,121
vol,120
the,119
brian,110
mike,109
paul,108
mark,108
ashley,103
chris,102
johnson,98
frank,92
scott,89
lee,85
peter,84
stephen,82
jaquavis,80
williams,78
king,74
william,72
jack,70
steve,70
thomas,69
edition,68
penthouse,64
ken,64
anthony,63
jim,63
editors,62
joe,61
george,61
smith,60
white,59
charles,58
ed,58
brown,56
matt,56
edited,55
kevin,54
jones,54
neil,54
edward,53
moore,53
al,52
ennis,52
tom,52
alan,52
thompson,51
jason,50
steven,50
christopher,49
black,49
hernandez,49
donald,49
dave,49
ghost,48
clark,48
garth,48
rick,48
eric,46
green,46
anne,46
bruce,46
tim,46
andrew,45
de,45
daniel,45
cathy,44
miura,44
jackson,44
anonymous,43
miller,43
zane,43
treasure,43
simon,42
a,42
douglas,42
jerry,41
bill,41
alex,40
barry,40
gary,40
jean,40
chia,39
greene,39
fenner,39
joseph,39
allen,39
susan,39
jonathan,38
bob,38
luis,38
mantak,37
adams,37
j,36
rachel,36
styles,36
ian,35
royo,35
sarah,35
terry,35
morris,35
gaiman,34
ann,34
patrick,34
antoinette,34
howard,34
dan,34
barbara,33
army,33
edwards,33
lisa,32
jeff,32
ron,32
ben,32
robinson,32
taylor,31
kelly,31
woods,31
kim,31
international,31
okayado,30
linda,30
ray,30
silk,30
vaughan,30
department,30
keith,29
rose,29
nicole,29
alexander,29
enemigo,29
adam,29
akira,29
blue,29
el,29
rand,29
wahida,29
jimmy,29
kentaro,29
don,29
patterson,29
banks,29
nancy,28
anna,28
wilson,28
boris,28
issue,28
greg,28
ford,28
sean,28
grant,28
griffin,28
jakubowski,28
turner,27
davis,27
tina,27
gray,27
gordon,27
ross,27
carl,27
taschen,26
hill,26
parker,26
mcnally,26
coleman,26
tony,26
day,25
rich,25
mcnab,25
chuck,25
christian,25
fields,25
national,25
morrison,25
craig,25
shaw,25
tyler,25
elizabeth,25
mary,25
goines,25
philip,24
matthew,24
bussel,24
warren,24
phillips,24
karen,24
books,24
rob,24
jay,23
laura,23
vallejo,23
carol,23
dasaint,23
jessica,23
allison,23
nick,23
jon,23
geographic,23
walker,23
ryan,23
sam,22
art,22
balent,22
evans,22
tranay,22
victor,22
fleskes,22
nikki,22
robbins,22
aryanna,22
hunter,22
maxim,22
harold,22
kramer,22
violet,22
collins,22
rice,22
kazuo,22
koike,22
tamaki,21
young,21
stewart,21
teri,21
arnie,21
aaron,21
hiroya,21
oku,21
hudson,21
bell,21
reynolds,21
louis,20
henry,20
cole,20
robin,20
kate,20
nozomu,20
will,20
crumb,20
larsson,20
amy,20
morgan,20
doug,19
dennis,19
stieg,19
lewis,19
ward,19
book,19
lung,19
cooper,19
lynn,19
roger,19
yang,19
von,19
phil,19
jamie,19
palahniuk,19
barber,19
marc,19
haha,19
akamatsu,19
sandra,19
davies,19
ming,19
julie,19
joy,19
saadiq,19
us,19
jan,19
lawrence,19
marie,19
jennifer,19
sato,18
la,18
azzarello,18
arthur,18
wood,18
anton,18
ne,18
press,18
barker,18
hood,18
saki,18
jordan,18
dept,18
alison,18
takahashi,18
dean,18
wayne,18
russell,18
rule,18
max,18
uesu,17
timothy,17
ellen,17
jr,17
graham,17
erick,17
tetsuto,17
digest,17
roy,17
lapham,17
abigail,17
capri,17
jwing,17
andy,17
cairo,17
editor,17
roberts,17
nigel,17
nicholas,17
brandon,17
leigh,17
volume,16
joel,16
bruno,16
mihara,16
hardy,16
magazine,16
dougherty,16
helen,16
isbn,16
lim,16
kenji,16
blake,16
larry,16
benjamin,16
gregory,16
hart,16
cash,16
noire,16
walter,16
cent,16
muhammad,16
t,16
yuu,16
no,16
sylvia,16
yuji,16
clive,16
little,16
leonard,16
hooper,16
raymond,16
carlton,16
jeffrey,16
jane,16
rebecca,15
asano,15
brubaker,15
hall,15
sun,15
cook,15
friday,15
tsukasa,15
goliath,15
rumiko,15
andrews,15
phillip,15
todd,15
angel,15
seth,15
kent,15
faye,15
claire,15
harrison,15
okamoto,15
go,15
publishing,15
hamilton,15
weber,15
dall,15
frazetta,15
burton,15
grisham,15
ernest,15
hikaru,15
owen,15
darren,15
iii,15
k,15
carter,14
porter,14
nathan,14
sheldon,14
stefano,14
levine,14
gehring,14
lady,14
knight,14
life,14
patricia,14
stan,14
kitt,14
stanley,14
shiki,14
charlotte,14
hiramoto,14
reiji,14
kenneth,14
s,14
mason,14
publications,14
maureen,14
emily,14
royal,14
wallace,14
van,14
yu,14
dickey,14
starr,14
hayes,14
hayashi,14
hajime,14
harris,14
tristan,14
sanchez,14
cox,14
ellis,13
guide,13
selena,13
vickie,13
randy,13
marcus,13
lynch,13
justin,13
claude,13
raven,13
west,13
shane,13
joshua,13
joyce,13
casey,13
russ,13
anderson,13
tadahiro,13
mitsuki,13
olsen,13
mitchell,13
dk,13
remender,13
mz,13
mario,13
caroline,13
campbell,13
hasemi,13
sade,13
holmes,13
saito,13
reader,13
richardson,13
lou,13
baker,13
webb,13
kamiya,12
samuel,12
kathy,12
wright,12
labonte,12
kerry,12
fred,12
alejandro,12
jeremy,12
stuart,12
milan,12
may,12
santiago,12
matra,12
illustrated,12
barrington,12
bailey,12
norman,12
joey,12
allan,12
pat,12
riley,12
emerson,12
sister,12
michel,12
gabriel,12
tucker,12
storm,12
angela,12
glenn,12
danny,12
erica,12
l,12
sidney,12
lal,12
long,12
gilbert,12
albert,12
diamond,12
phd,12
brennan,12
chase,12
francis,12
hoffman,12
yamada,12
d,12
omar,12
amanda,12
hughes,12
sonia,12
kia,12
christine,11
tomu,11
kawaguchi,11
shannon,11
wiseman,11
rosewood,11
shiozaki,11
b,11
lauren,11
berry,11
inoue,11
andrea,11
joan,11
c,11
marisa,11
julian,11
mizuchi,11
p,11
carr,11
leroy,11
rodriguez,11
cho,11
alice,11
sue,11
hunt,11
bougie,11
gibson,11
hammond,11
deja,11
kathryn,11
olivia,11
harvey,11
lambert,11
tracy,11
gmunder,11
naomi,11
grey,11
newman,11
burns,11
jodorowsky,11
bartlett,11
jo,11
allah,11
hugh,11
follett,11
ohmi,11
souljah,11
part,11
brenda,11
stephanie,11
gregg,11
nagai,11
wendy,11
kyle,11
laymon,10
block,10
md,10
bernard,10
penny,10
eva,10
tommy,10
wong,10
akos,10
hanson,10
alfred,10
defense,10
del,10
nora,10
lance,10
jerome,10
hemmingson,10
michaels,10
ruth,10
unknown,10
vincent,10
katsura,10
miss,10
michelle,10
heidi,10
morinaga,10
takafumi,10
taormino,10
marilyn,10
stanton,10
sara,10
hiroji,10
henderson,10
spider,10
henk,10
winter,10
me,10
nanatsuki,10
tara,10
janet,10
strauss,10
marquis,10
milk,10
shouji,10
warau,10
yakan,10
sejic,10
valerie,10
with,10
susie,10
reymundo,10
clint,10
jihad,10
pierre,10
reds,10
nichols,10
kurt,10
carlo,10
nisa,10
reid,10
stringer,10
lucy,10
games,10
askari,10
dixon,10
glen,10
clever,10
stevens,10
fox,10
jose,10
mccarthy,10
irvine,10
lavey,10
cameron,10
heather,10
simpson,10
perkins,10
victoria,10
kathleen,10
hans,10
sports,10
leslie,10
gavin,10
time,10
decker,10
corey,10
dale,10
bryant,10
ivan,9
september,9
macwelch,9
ronald,9
che,9
pimpin,9
adrian,9
winslow,9
mcvan,9
jesse,9
frederick,9
colin,9
suzanne,9
josh,9
milligan,9
frazier,9
i,9
liz,9
speight,9
jodi,9
elijah,9
mckenzie,9
herbert,9
mann,9
ferranti,9
gonzalez,9
kazuki,9
funatsu,9
bryan,9
health,9
graves,9
nestler,9
suzumaru,9
brad,9
mitch,9
maxwell,9
mccall,9
molly,9
nelson,9
tanaka,9
shakur,9
elias,9
rooney,9
harry,9
crawford,9
thorne,9
schiffmacher,9
mickey,9
clayton,9
elliott,9
takahiro,9
dorian,9
larson,9
brooks,9
gold,9
tattoo,9
kirkman,9
maya,9
dee,9
gates,9
leo,9
takumi,9
gomez,9
mishima,9
gardner,9
monte,9
daisuke,9
toriyama,9
travis,9
slim,9
geoffrey,9
banfalvi,9
m,9
dawn,9
andre,9
miles,9
melanie,9
feehan,9
kakoulas,9
kei,9
colero,9
masakazu,9
yamaguchi,9
jennings,9
novel,9
ketchum,9
pete,8
greenwood,8
abraham,8
readers,8
samura,8
reed,8
luna,8
fastner,8
shelly,8
cardy,8
kit,8
derek,8
brusha,8
fisher,8
harper,8
ellison,8
tess,8
studio,8
supreme,8
rosenthal,8
meg,8
shameek,8
red,8
farrar,8
photo,8
rogers,8
masamune,8
wroblewski,8
stilwell,8
griffith,8
maria,8
sherman,8
bennett,8
jenkins,8
bunny,8
yeager,8
mack,8
wagner,8
jill,8
juan,8
brett,8
nene,8
hiroaki,8
vince,8
baxter,8
tm,8
hawke,8
yapp,8
edmund,8
rodney,8
swinson,8
nik,8
clifford,8
pes,8
caddel,8
birch,8
manara,8
mcnair,8
alicia,8
fernando,8
mellick,8
ralph,8
tillie,8
lane,8
monkey,8
daniels,8
damon,8
emma,8
webster,8
beth,8
alvarado,8
march,8
malcolm,8
goodman,8
amber,8
american,8
watson,8
doll,8
men,8
shou,8
yukiya,8
murasaki,8
yagi,8
strong,8
jacob,8
norihiro,8
spencer,8
chang,8
deborah,8
sakurako,8
gokurakuin,8
crowley,8
derrick,8
oliver,8
kagyu,8
irene,8
kumo,8
duncan,8
schwartz,8
hansen,8
willie,8
lowe,8
et,8
chad,8
cummins,8
spurrier,8
steele,8
margaret,8
sadie,8
willingham,8
justice,8
kohske,8
hickman,8
punch,8
lopez,8
giger,8
koontz,8
w,8
leon,8
lora,7
mcgill,7
superior,7
edgar,7
burroughs,7
oner,7
boogie,7
boston,7
levy,7
guevara,7
eleanor,7
morley,7
kick,7
borg,7
dorothy,7
kemp,7
murayama,7
hobbs,7
kimberly,7
understanding,7
star,7
winston,7
buckland,7
mel,7
way,7
arnold,7
franklin,7
gerritsen,7
price,7
billy,7
pope,7
cross,7
paget,7
olson,7
mills,7
jasmine,7
darwin,7
crystal,7
archer,7
louise,7
monica,7
stein,7
iceberg,7
mcgrath,7
cimino,7
friedman,7
frederic,7
ernesto,7
silke,7
celestino,7
love,7
jenna,7
diana,7
sinclair,7
hosana,7
akihito,7
she,7
stern,7
christina,7
freeman,7
diane,7
tukes,7
frances,7
debra,7
aishling,7
ice,7
sasha,7
rollins,7
martina,7
jensen,7
from,7
amaleka,7
brady,7
creek,7
linsner,7
shan,7
ted,7
house,7
benson,7
master,7
jamaica,7
gilmore,7
tyree,7
rafael,7
takeda,7
powell,7
milo,7
saint,7
geoff,7
fowler,7
hatmaker,7
prince,7
sweet,7
welsh,7
blunt,7
erika,7
romell,7
pace,7
kellerman,7
to,7
haruki,7
andolfo,7
lorenzo,7
steel,7
akil,7
mirka,7
chinese,7
o,7
august,7
sanyika,7
glatt,7
catherine,7
kerner,7
park,7
enrique,7
endo,7
hiroki,7
yoshiyuki,7
sadamoto,7
sullivan,7
kahn,7
nickens,7
watkins,7
makoto,7
otsuka,7
comics,7
lover,7
marcy,7
gee,7
carlos,7
complete,7
tanner,7
norris,7
april,7
hilton,7
mazzotti,7
fury,7
kiki,7
lloyd,7
lindsay,7
hoill,6
sher,6
tsuya,6
sebastian,6
phelps,6
bret,6
mendheim,6
wilkinson,6
seeley,6
samantha,6
roach,6
zoe,6
company,6
shiono,6
in,6
eiji,6
tzu,6
judith,6
hine,6
alston,6
jen,6
oates,6
weatherfield,6
ortiz,6
wade,6
draeger,6
fema,6
peterson,6
audrey,6
wolfe,6
freedman,6
antony,6
wyatt,6
greig,6
field,6
schechter,6
grace,6
hathaway,6
lake,6
isabella,6
sept,6
natasha,6
baron,6
harrington,6
shuzo,6
oshimi,6
staff,6
barton,6
neal,6
kraig,6
renee,6
november,6
ikari,6
pepper,6
brunetti,6
manabe,6
mendoza,6
rio,6
preston,6
handbook,6
buck,6
aly,6
mykel,6
silver,6
martinez,6
ii,6
li,6
york,6
siembieda,6
newton,6
villagran,6
ryo,6
kawahara,6
katz,6
heller,6
giovanni,6
magonote,6
perez,6
pokras,6
sophie,6
sussman,6
myers,6
pierce,6
brain,6
dick,6
shawn,6
sanders,6
dwan,6
liang,6
jameson,6
abbott,6
professor,6
quinn,6
tsukushi,6
gottfried,6
larousse,6
slmn,6
claudio,6
kane,6
tammy,6
flores,6
eddie,6
irving,6
game,6
wheeler,6
barnes,6
reign,6
mr,6
garcia,6
ryosuke,6
asakura,6
gustavo,6
pam,6
murray,6
samael,6
weor,6
isabel,6
tan,6
miriam,6
duke,6
tobin,6
chun,6
junji,6
ito,6
rosenberg,6
flint,6
dalton,6
jude,6
big,6
cohen,6
klassen,6
robertson,6
jackie,6
reki,6
alayon,6
dumas,6
e,6
carey,6
zuffi,6
sands,6
paolo,6
gage,6
cawthorne,6
beckwith,6
julia,6
mitnick,6
brittani,6
bakos,6
jake,6
ace,6
eyone,6
barr,6
chapters,6
gloria,6
marcia,6
aleister,6
phoenix,6
sally,6
silverman,6
briggs,6
yves,6
wills,6
diaz,6
page,6
hartley,6
sharon,6
marshall,6
jorge,6
kazuya,5
karin,5
otto,5
easton,5
annie,5
takayuki,5
osamu,5
futaro,5
katie,5
cotterell,5
chronicles,5
serpieri,5
paula,5
willis,5
shirow,5
fraction,5
satoshi,5
blanche,5
dominique,5
auel,5
donn,5
benedict,5
goleman,5
asamiya,5
eisner,5
humphries,5
hewlett,5
st,5
rifujin,5
nobuyuki,5
gerald,5
cheng,5
weisman,5
jinxi,5
hefner,5
rihito,5
takarai,5
cody,5
queen,5
felix,5
froud,5
forbeck,5
chapman,5
etorouji,5
bukowski,5
danielle,5
whyte,5
margot,5
gimenez,5
wanda,5
claudia,5
isao,5
gay,5
anzai,5
herman,5
roberto,5
davidson,5
yoshe,5
beverly,5
couture,5
shea,5
karl,5
darrell,5
core,5
berman,5
nate,5
mizushiro,5
brittenum,5
marvin,5
shulgin,5
michele,5
loren,5
stephan,5
shaka,5
powers,5
pollock,5
mohammad,5
dayrani,5
fitch,5
marco,5
szandor,5
alias,5
sheiko,5
amin,5
tyson,5
malik,5
wang,5
abagnale,5
gastman,5
mechanics,5
popular,5
kahr,5
mckay,5
canterbury,5
bozey,5
camille,5
aldrich,5
sweeney,5
blacc,5
r,5
bright,5
hollander,5
october,5
curtis,5
chandler,5
heart,5
nin,5
stacy,5
bonnie,5
miyajima,5
erotic,5
karrington,5
bowden,5
institute,5
world,5
niki,5
jilvontae,5
butler,5
cheryl,5
alberto,5
december,5
comfort,5
anders,5
marcellus,5
down,5
alexandra,5
da,5
goodkind,5
freeway,5
jurgen,5
millar,5
janice,5
gresham,5
col,5
lt,5
blair,5
vicki,5
carla,5
lust,5
aki,5
katsu,5
jeffery,5
marlowe,5
assoc,5
missy,5
cunningham,5
fell,5
amano,5
andrade,5
earl,5
law,5
heath,5
phaidon,5
jacques,5
vachss,5
mizuki,5
austin,5
cobb,5
tiffany,5
lori,5
mara,5
courtney,5
clarke,5
keller,5
guy,5
lavigne,5
kimura,5
shideler,5
levin,5
pen,5
pizzolo,5
bronson,5
scoblete,5
salaam,5
aka,5
gene,5
wolf,5
lagace,5
gisele,5
yeon,5
mcneil,5
turnbull,5
jonathon,5
sid,5
ashby,5
muata,5
kendall,5
eden,5
henri,5
kenya,5
clifton,5
manson,5
bo,5
laurence,5
casse,5
valentine,5
bizarre,5
pankau,5
micheal,5
jeanty,5
cooke,5
bisley,5
ali,5
holly,5
bradford,5
raphael,5
cleavenger,5
bert,5
civardi,5
jenny,5
shaun,5
manuel,5
timm,5
haze,5
staples,5
foster,5
hemingson,5
cummings,5
metal,5
erickson,5
katharine,5
kery,5
piper,5
mia,5
twinz,5
tha,5
kakeru,5
money,5
johnny,5
story,5
papi,5
jelissa,5
wells,5
guerra,5
hastings,5
mikokuno,5
kyell,5
grylls,5
aboy,5
blaque,5
kennedy,5
bryce,5
project,5
dubois,5
adachi,5
kat,5
moss,5
cherry,5
various,5
pathfinder,5
megan,5
luc,5
kirk,5
latif,5
theodore,5
caretta,5
roleplaying,5
guru,5
homare,5
mind,5
johnstone,5
dynamite,5
brook,5
dr,5
springer,5
opal,5
breene,5
carew,5
stanway,5
palmer,5
stefan,5
byrd,5
mendelson,5
randall,4
aizome,4
macleod,4
fumizuki,4
saunders,4
puzo,4
goro,4
aleta,4
revised,4
destiny,4
berger,4
karrine,4
matter,4
elaine,4
anais,4
lear,4
naifeh,4
donna,4
gould,4
rhodes,4
man,4
katy,4
papa,4
thorgerson,4
anniversary,4
sebold,4
bullock,4
bear,4
schneider,4
series,4
clinton,4
nabuco,4
plant,4
wise,4
slaughter,4
shirley,4
ball,4
for,4
joanna,4
becket,4
june,4
pamela,4
cliff,4
morrow,4
distel,4
gainax,4
macklin,4
kashamba,4
engelbrecht,4
productions,4
small,4
zombie,4
schultz,4
rajs,4
forrest,4
garrett,4
erich,4
krauss,4
published,4
stamets,4
caleb,4
yvonne,4
takerra,4
gentry,4
hampton,4
mitchel,4
norton,4
giles,4
kou,4
boys,4
collection,4
bowman,4
stjepan,4
iannini,4
lovell,4
emmanuelle,4
arsan,4
hatsumi,4
cost,4
renta,4
sonny,4
archmage,4
lowadar,4
reese,4
gury,4
katherine,4
richards,4
laurell,4
picoult,4
schilling,4
blackeyes,4
davenport,4
wrightson,4
brent,4
chu,4
niobia,4
matsumoto,4
stubbs,4
peters,4
marks,4
durante,4
parramon,4
starkings,4
harlow,4
senghor,4
blum,4
lasser,4
kendra,4
charlene,4
gail,4
weltman,4
schell,4
orlando,4
carolyn,4
jimmie,4
distributors,4
sapphire,4
floyd,4
alvarez,4
dell,4
sovereign,4
curve,4
caitlin,4
augusten,4
molare,4
alexis,4
heavy,4
torres,4
krafft,4
ebing,4
flynn,4
tilly,4
rainey,4
sheila,4
hal,4
leila,4
koons,4
dc,4
prowant,4
ervin,4
ko,4
vanessa,4
schiffer,4
hopkins,4
lacroix,4
chenell,4
stagg,4
montgomery,4
laurie,4
amahara,4
ivy,4
deconnick,4
margolin,4
edd,4
donahue,4
case,4
mayhem,4
lansdale,4
clair,4
pilcher,4
poole,4
muller,4
lili,4
kenkou,4
avedon,4
foreword,4
goldberg,4
straczynski,4
keren,4
dunn,4
howland,4
kintetsu,4
blackiston,4
dutch,4
hayashida,4
ambitious,4
petra,4
zach,4
yusuf,4
sacchi,4
authors,4
sparks,4
shortz,4
hiiragiboshi,4
whitman,4
remus,4
katsuhiro,4
otomo,4
berardinis,4
gerard,4
jefferson,4
llewellyn,4
markus,4
drew,4
racquel,4
land,4
takami,4
koushun,4
jordi,4
rosen,4
dark,4
dian,4
rev,4
sante,4
theresa,4
weldon,4
cosmopolitan,4
rod,4
cryer,4
washington,4
cronin,4
lucie,4
gallagher,4
mccullough,4
bathroom,4
leilah,4
nguyen,4
savage,4
tasha,4
g,4
drakaina,4
kataoka,4
walters,4
martha,4
ilya,4
mikoto,4
dodsworth,4
damien,4
rewald,4
sabine,4
asenath,4
monty,4
acker,4
quavis,4
rankin,4
lock,4
thule,4
saimura,4
philbin,4
kappa,4
delon,4
cano,4
francesca,4
ishikawa,4
drate,4
banner,4
garland,4
cleland,4
tessa,4
somraj,4
christensen,4
muramatsu,4
juliette,4
garvey,4
piers,4
felice,4
natalie,4
troy,4
gillen,4
joanne,4
ellroy,4
gair,4
wyrd,4
higgins,4
stoppard,4
kerrigan,4
junya,4
judy,4
santos,4
ditchfield,4
flowers,4
nilsson,4
kuji,4
lennart,4
mick,4
achilleos,4
jeromey,4
mcculloch,4
murder,4
dylan,4
carlan,4
ryall,4
sho,4
parks,4
le,4
levi,4
hiyama,4
coronado,4
branch,4
moran,4
cordoza,4
abrams,4
jaquais,4
bradley,4
ferris,4
kincaid,4
denise,4
reginald,4
pearson,4
reich,4
lissa,4
sukeno,4
yoshiaki,4
one,4
devan,4
kre,4
hale,4
gibilisco,4
namanie,4
mcdonald,4
corvis,4
nocturnum,4
chic,4
edson,4
russo,4
watase,4
cliver,4
hodge,4
bravo,4
july,4
synecdoche,4
cato,4
tobias,4
phyllis,4
montaigue,4
cicero,4
major,4
varnell,4
wild,4
okuse,4
martignette,4
hicks,4
tracey,4
coffee,4
morton,4
florens,4
ioan,4
yan,4
garon,4
dickson,4
howlett,4
liao,4
yi,4
devries,4
gutta,4
brame,4
levay,4
minekura,4
baritchi,4
jamal,4
merlot,4
campaign,4
patti,4
shake,4
florian,4
godwin,4
malone,4
becker,4
len,4
erin,4
sykes,4
dax,4
robb,4
kaku,4
tsuchiya,4
maki,4
sasuga,4
xaviera,4
meesha,4
rufus,4
camphausen,4
velez,4
kenichi,4
cattrall,4
therese,4
kardashian,4
betty,4
kubukurin,4
rulebook,4
stella,4
melissa,4
nekota,4
suckling,4
yonezou,4
u,4
sal,4
quartuccio,4
keenan,4
giorgio,4
kristen,4
mcgraw,4
roth,4
reno,4
bandz,4
oxford,4
fritz,4
aubrey,4
regan,4
sawyer,4
calvin,4
cleary,4
gini,4
nirvana,4
tania,4
sothern,4
alexa,4
asani,4
scot,4
doyle,4
shalhoup,4
lofty,4
link,4
williamson,4
nasheed,4
xuan,4
franscell,4
thomson,4
angus,4
french,4
stone,4
lily,4
english,4
keene,4
casper,4
odinson,4
anastasia,4
new,4
ryoma,4
topp,4
tymony,4
monk,4
haines,4
kitada,4
arlene,3
bonfante,3
lutz,3
cress,3
byrne,3
women,3
walt,3
publishers,3
saulo,3
lister,3
pent,3
rosebush,3
judson,3
corbeyran,3
georgia,3
cecie,3
ribeiro,3
wenner,3
welsing,3
stahlberg,3
jacobson,3
greta,3
tezuka,3
peck,3
mccabe,3
coolkyousinnjya,3
omori,3
atlas,3
shoowa,3
haynes,3
barbour,3
schildt,3
fujino,3
larkin,3
kamini,3
control,3
glass,3
merrick,3
schafer,3
hays,3
carson,3
elayne,3
sharp,3
vegas,3
johanna,3
delavier,3
hackett,3
kultgen,3
blizzard,3
mccann,3
englade,3
keaidy,3
selmon,3
caine,3
asa,3
grainger,3
pimpology,3
rory,3
hideyuki,3
seymour,3
brigitte,3
juliet,3
anand,3
claquin,3
akahige,3
namban,3
haruka,3
keisha,3
abel,3
jaiya,3
greyson,3
lin,3
noboru,3
craze,3
dirty,3
venezia,3
fiona,3
golden,3
pentacoste,3
mainon,3
memoir,3
moody,3
epstein,3
percy,3
navarro,3
ueshiba,3
kweli,3
nutting,3
painter,3
erotica,3
ullmann,3
cuckold,3
bull,3
rosie,3
saul,3
alexandre,3
tajima,3
sedaris,3
usatine,3
gerhard,3
blow,3
wilbur,3
morpheous,3
westbrook,3
hiratori,3
doreen,3
hogshire,3
grossman,3
tonchi,3
betts,3
marrs,3
diffee,3
negus,3
bugsy,3
lockman,3
redding,3
underwood,3
ayoob,3
dejon,3
colton,3
rubin,3
shamrock,3
liu,3
moynihan,3
tetsuya,3
tashiro,3
philippe,3
jacobs,3
reage,3
akiko,3
noble,3
jeanne,3
greenfield,3
sak,3
erik,3
percival,3
iam,3
terri,3
macdonald,3
mabel,3
langton,3
avakian,3
piven,3
donnelly,3
blush,3
nakayama,3
solomon,3
marianne,3
evelyn,3
pewtherer,3
hardt,3
livingston,3
bettina,3
jibril,3
sophia,3
garton,3
quilliam,3
sheiner,3
macy,3
wendell,3
morishima,3
meghan,3
kiecol,3
rosanne,3
module,3
alien,3
selby,3
hideaki,3
adult,3
yoshikawa,3
ibidapo,3
masaaki,3
raffaele,3
ferrell,3
chatzoudis,3
kaye,3
ratti,3
lozon,3
bradbury,3
swinney,3
matthias,3
hedgecoe,3
heine,3
bush,3
bauer,3
urban,3
antonio,3
wesley,3
tam,3
arantza,3
schroth,3
debrew,3
deepkiss,3
penzler,3
bechdel,3
coppola,3
delaney,3
kahlil,3
waid,3
gibran,3
shelton,3
fay,3
oriol,3
qui,3
nash,3
estevan,3
perrottet,3
wu,3
mill,3
meek,3
ching,3
wen,3
times,3
chunichi,3
gershon,3
marvel,3
godfrey,3
cat,3
envy,3
matthews,3
blackstone,3
faust,3
uwe,3
kai,3
mink,3
houston,3
england,3
chakkour,3
korero,3
curt,3
antoine,3
carpenter,3
farrakhan,3
girls,3
partridge,3
geddes,3
atomeka,3
covington,3
suu,3
brick,3
mac,3
vera,3
eminem,3
veronica,3
troon,3
deitch,3
crooks,3
official,3
smolan,3
spence,3
ryohzoh,3
grimassi,3
dali,3
salvador,3
seagle,3
dolan,3
ainsworth,3
vaughn,3
snyder,3
rockwell,3
power,3
seves,3
kraus,3
dutkiewicz,3
kunz,3
hoy,3
beaver,3
lucas,3
sandford,3
kari,3
business,3
kurtis,3
tariq,3
wiebe,3
minazuki,3
roland,3
spurlock,3
noomin,3
eve,3
wilde,3
ryden,3
carmen,3
tonya,3
kawano,3
tanishi,3
inio,3
roby,3
stanford,3
cd,3
okushou,3
thames,3
curran,3
cupcake,3
penner,3
okazaki,3
masahiro,3
gingko,3
matteo,3
cruz,3
kylie,3
pearce,3
f,3
hoover,3
webber,3
barbie,3
chrystal,3
blackwelder,3
encyclopedia,3
harmon,3
gatewood,3
werner,3
jinky,3
sheri,3
bagshawe,3
maripyon,3
fish,3
michaela,3
riedl,3
joji,3
conner,3
eliza,3
sang,3
kc,3
evan,3
fortier,3
biography,3
bonge,3
logan,3
stream,3
sydney,3
debby,3
cecil,3
people,3
parent,3
biggs,3
connor,3
sifu,3
veitch,3
welch,3
feb,3
christos,3
marlow,3
jess,3
conrad,3
rashid,3
eileen,3
dawson,3
zhang,3
afi,3
parfrey,3
suicide,3
wolfer,3
makos,3
saraband,3
v,3
masterton,3
reference,3
barron,3
merritt,3
medical,3
enjoji,3
martine,3
westheimer,3
giacomo,3
francois,3
foreign,3
horny,3
talese,3
bammes,3
mead,3
manning,3
sadowski,3
mitsuru,3
boyd,3
steffans,3
hattori,3
pulido,3
kiew,3
negrete,3
rochette,3
cavendish,3
virginia,3
heyward,3
force,3
mcewen,3
hurst,3
clyde,3
caldwell,3
mazzucco,3
hasekura,3
isuna,3
cramer,3
cooks,3
bernstein,3
mikell,3
conroy,3
translated,3
lucinda,3
francisco,3
sammy,3
talltrees,3
stainer,3
gleason,3
joannides,3
sari,3
nori,3
thalken,3
locker,3
bridgewater,3
hoban,3
hato,3
adkins,3
pratt,3
bernhard,3
matera,3
felicity,3
grillo,3
belonoha,3
walsh,3
val,3
droban,3
nesbo,3
pugh,3
caudill,3
klaus,3
stupakoff,3
bobby,3
germain,3
raynesha,3
pittman,3
isiko,3
adele,3
ashida,3
alvin,3
desiree,3
yamane,3
ayano,3
bucci,3
jacqueline,3
levinson,3
bay,3
lo,3
mccormick,3
breuer,3
stronge,3
oscar,3
molloy,3
heinz,3
roberta,3
strawbridge,3
glasser,3
sacha,3
dopp,3
steichen,3
marsden,3
y,3
dane,3
hazel,3
norberto,3
bernet,3
greer,3
tri,3
cite,3
third,3
heinsoo,3
elmore,3
okada,3
hutchison,3
lonely,3
mueller,3
salter,3
chou,3
trenton,3
cara,3
beazley,3
llosa,3
kp,3
jade,3
fletcher,3
jaye,3
clare,3
godoy,3
melvin,3
lincoln,3
wakeel,3
burgess,3
sheppard,3
bloom,3
axel,3
smithsonian,3
dario,3
haley,3
takanaga,3
planet,3
hinako,3
sereniti,3
filing,3
solutions,3
hank,3
shinichi,3
trevor,3
jin,3
protzman,3
mckenna,3
sherry,3
wally,3
yim,3
terence,3
rules,3
ferdinand,3
blak,3
harriet,3
beck,3
simmons,3
doucet,3
gookin,3
bandele,3
asha,3
marsons,3
kelso,3
ratsch,3
browning,3
waters,3
eastman,3
hope,3
sherri,3
drake,3
good,3
tedeschi,3
kaplan,3
bodansky,3
monroe,3
sperlonga,3
natacha,3
sklansky,3
yatrofsky,3
pekar,3
jd,3
speiser,3
denlick,3
roquelaure,3
koren,3
shadmi,3
leah,3
bird,3
photographs,3
goddard,3
ma,3
gourdine,3
kd,3
hayden,3
kieron,3
lainie,3
kushner,3
maryanne,3
mortensen,3
donovan,3
kay,3
siegel,3
mizuno,3
terrence,3
noah,3
quiver,3
hawkins,3
robyn,3
baird,3
malpas,3
brungardt,3
mullen,3
brendan,3
callery,3
drury,3
julien,3
penn,3
lois,3
nyerges,3
sutton,3
huck,3
tokitsu,3
british,3
aoki,3
dukey,3
cia,3
sherrilyn,3
harawata,3
angier,3
monster,3
kenyon,3
yugo,3
ker,3
trisha,3
matz,3
ronnie,3
spaulding,3
yao,3
lynsay,3
remy,3
castillo,3
perri,3
mesh,3
booker,3
barnett,3
meyers,3
nitya,3
chicago,3
hitler,3
mckean,3
murphy,3
saizou,3
budworth,3
mori,3
kaoru,3
tannenbaum,3
kazuto,3
jonny,3
faragasso,3
henslee,3
rickheit,3
rees,3
masters,3
jarvis,3
rosenfeld,3
mcfarlane,3
lesley,3
darryl,3
peart,3
x,3
barrett,3
mccoy,3
crowell,3
mccomb,3
leondrei,3
wlotzka,3
glyn,3
kotaro,3
mcmillan,3
rey,3
gaskin,3
dominic,3
randi,3
grayson,3
otoi,3
campi,3
zanier,3
ohkubo,3
glover,3
georger,3
takehiko,3
booth,3
waxman,3
gischler,3
god,3
ladd,3
atsushi,3
islam,3
erle,3
jellisa,3
gilles,3
connie,3
gus,3
rucka,3
ohtaka,3
pickett,3
duane,3
ash,3
aristides,3
yuyuko,3
hoffmann,3
shinobu,3
capone,3
kigitsu,3
schreiber,3
katsuhisa,3
alah,3
it,3
maryann,3
dwight,3
felicia,3
quentin,3
vernor,3
takemiya,3
taiyo,3
hazuki,3
konomini,3
shono,3
emery,3
cecilia,2
edred,2
coyne,2
getlein,2
elena,2
ph,2
lacy,2
lange,2
di,2
mancoff,2
loomis,2
sonoda,2
gaddis,2
morehead,2
rudy,2
post,2
constantine,2
alix,2
moon,2
ahern,2
rivera,2
ho,2
soe,2
wink,2
zalman,2
ip,2
stefanie,2
marina,2
southard,2
crider,2
projects,2
rae,2
gestalten,2
luck,2
brothers,2
zeller,2
kouji,2
baillie,2
copeland,2
guyton,2
chambers,2
earls,2
jinsei,2
job,2
kazuma,2
trent,2
schiller,2
skinner,2
chapter,2
cornell,2
lorelei,2
verdiacee,2
empress,2
nevill,2
duffy,2
villa,2
sondoa,2
xxxviii,2
kiedis,2
seyward,2
sprinkle,2
outdoor,2
kawakami,2
tsuyoshi,2
watanabe,2
si,2
rolando,2
roffman,2
ellory,2
takayoshi,2
serge,2
grad,2
datlow,2
busch,2
shi,2
brittany,2
bones,2
bermejo,2
korean,2
gorman,2
natural,2
nathaniel,2
luckett,2
february,2
yukimura,2
chapel,2
egerton,2
grimes,2
grice,2
slung,2
japanese,2
artists,2
others,2
keehnen,2
lacey,2
mumia,2
harpercollinspublishers,2
sano,2
suroosh,2
macyoung,2
wynter,2
shinjiro,2
anthonio,2
xxix,2
wives,2
probst,2
graphic,2
toyin,2
museum,2
johnston,2
roxy,2
akkermans,2
nagel,2
bassil,2
jayne,2
asanaro,2
sakuya,2
iknoian,2
mogutin,2
cyle,2
kava,2
jamye,2
ballenger,2
xv,2
swain,2
priest,2
keys,2
paradise,2
ashworth,2
rita,2
wei,2
lander,2
peace,2
seitz,2
lindsey,2
horse,2
traci,2
rainer,2
beer,2
darby,2
huon,2
cervantes,2
waldo,2
rothacher,2
demille,2
harazaki,2
dlab,2
madame,2
zehra,2
jumabhoy,2
dugoni,2
tatsuhiko,2
entertainment,2
crow,2
gravett,2
crafts,2
vice,2
guerber,2
doove,2
cj,2
key,2
ingmar,2
gibbons,2
christoper,2
istin,2
takimoto,2
eliphas,2
newick,2
ferrandez,2
conn,2
kale,2
iggulden,2
quellen,2
kapp,2
blondel,2
rochelle,2
cotter,2
tradd,2
baars,2
coon,2
madison,2
celia,2
moses,2
buffa,2
bergman,2
killjoy,2
delman,2
mcclure,2
sleight,2
richa,2
fleiss,2
malarek,2
corps,2
false,2
packard,2
jann,2
massad,2
naoki,2
stark,2
munmun,2
ayumu,2
hancock,2
baddeley,2
ramon,2
easley,2
calandra,2
emil,2
marine,2
wiltz,2
how,2
barbach,2
lawler,2
fagerstrom,2
revcoms,2
meisel,2
milton,2
ishida,2
tia,2
gracie,2
singleton,2
lonnie,2
larsen,2
sikes,2
riordan,2
tanika,2
mccance,2
child,2
lark,2
canfield,2
jamison,2
fabiola,2
hendricks,2
torey,2
fbi,2
dany,2
ellenzweig,2
mcneal,2
mallori,2
chihiro,2
timms,2
dauplaise,2
neville,2
brunson,2
acton,2
velvet,2
kaufman,2
giuliano,2
sumpter,2
mita,2
antuan,2
kimberla,2
konbu,2
wakame,2
lammermoore,2
richmond,2
aronofsky,2
kanye,2
chas,2
maurice,2
sauvage,2
moorehouse,2
chretien,2
shari,2
melinda,2
ami,2
stotts,2
sai,2
ryusuke,2
miyazaki,2
grell,2
conley,2
buckshot,2
cayman,2
ramsey,2
durham,2
douglass,2
ira,2
bridges,2
all,2
hemming,2
groth,2
lsd,2
lesbian,2
kristina,2
berg,2
goddess,2
hildebrandt,2
makow,2
rockefeller,2
bantock,2
aline,2
past,2
zume,2
su,2
francesco,2
cordell,2
vial,2
veronique,2
trunk,2
summers,2
culpepper,2
witwer,2
nalyvaiko,2
deutsch,2
compton,2
schatz,2
bond,2
forney,2
krystle,2
docherty,2
uta,2
stencil,2
mccrary,2
cage,2
ines,2
budiansky,2
stratton,2
olsson,2
jenji,2
kohan,2
wendig,2
boy,2
woodson,2
deanne,2
capaldi,2
ferry,2
ryu,2
shinonome,2
gifford,2
signature,2
pauline,2
lovegrove,2
howe,2
touno,2
mamare,2
mironiuk,2
bayard,2
dita,2
ilchman,2
shioda,2
colorbok,2
ginsberg,2
boyer,2
mcintire,2
allysha,2
kikuchi,2
patmore,2
sarnoff,2
conchita,2
gruenholtz,2
gozo,2
naoko,2
merryn,2
bey,2
rights,2
human,2
rupert,2
media,2
hamber,2
araki,2
nobuyoshi,2
kodama,2
iain,2
christophe,2
symons,2
bee,2
anai,2
alder,2
oneill,2
jeremiah,2
fredrik,2
peary,2
stadler,2
cheri,2
margie,2
classic,2
verset,2
mcdougall,2
carleen,2
morihei,2
madigan,2
yuri,2
proud,2
faires,2
rhonda,2
orford,2
lowell,2
roald,2
palmiotti,2
fexeus,2
rupi,2
kaur,2
hazard,2
mcconnell,2
free,2
gerrard,2
hwan,2
hee,2
farrell,2
flex,2
baptiste,2
paizo,2
sandy,2
bering,2
gordan,2
nikens,2
grimando,2
corbeil,2
herausgegeben,2
mercer,2
henrik,2
kagan,2
aurora,2
marty,2
terisa,2
fumon,2
kitamura,2
bem,2
huddleston,2
yosifovich,2
pavel,2
mcgowan,2
oparandu,2
liberte,2
fogler,2
burch,2
sexsmith,2
willett,2
desmond,2
alwyn,2
fukami,2
coates,2
shelley,2
cullen,2
jaxson,2
dl,2
doherty,2
giant,2
eller,2
osbourne,2
ozzy,2
yeagle,2
bolden,2
rinzler,2
humphreys,2
takeoka,2
zagami,2
kengo,2
gabrielle,2
langston,2
lyon,2
iannamico,2
annemann,2
santlofer,2
lauricella,2
angelini,2
cermele,2
loos,2
mag,2
borgenicht,2
seligmann,2
mcclish,2
zwoll,2
fitness,2
tibballs,2
iris,2
farrington,2
bunjuro,2
stafford,2
rj,2
demetz,2
lehmann,2
mcpherson,2
gottlieb,2
hom,2
devereaux,2
hyung,2
carrellas,2
ewing,2
seemorebuds,2
guadalupe,2
cabrera,2
wendel,2
kenton,2
navy,2
mailer,2
havers,2
francoise,2
maddox,2
dayne,2
karolyn,2
cheung,2
gall,2
vibe,2
sh,2
sakurai,2
institu,2
gamon,2
provost,2
na,2
bryson,2
yishan,2
driel,2
stacey,2
mels,2
jiwe,2
dashaun,2
hershberger,2
horn,2
gemini,2
shuman,2
hawkings,2
valdez,2
wasserman,2
clerk,2
cedar,2
lewisohn,2
wainwright,2
desalle,2
schrag,2
jenni,2
cauffiel,2
shontaiye,2
cleveland,2
aciman,2
sixx,2
singh,2
michaud,2
hamlyn,2
cullinan,2
hemmings,2
ivory,2
southern,2
marguerite,2
esquivel,2
budd,2
takachiho,2
miki,2
bollt,2
two,2
bunge,2
north,2
kris,2
gareth,2
blanton,2
alissa,2
dagan,2
lankford,2
hesse,2
kamps,2
renay,2
massacre,2
kana,2
vaudrez,2
etc,2
chopra,2
spiegel,2
cassell,2
hellenbrand,2
mackenzie,2
mane,2
gucci,2
rawson,2
barthel,2
cade,2
yoshinobu,2
universe,2
haje,2
murkoff,2
olga,2
wrath,2
sibley,2
misser,2
kristian,2
bolton,2
dupree,2
prison,2
fagan,2
saga,2
marsh,2
potts,2
knuckle,2
photos,2
kyra,2
colt,2
lyons,2
hogan,2
mcintyre,2
forest,2
calahan,2
fadala,2
dejuan,2
augusta,2
untamed,2
caputo,2
silvestri,2
georg,2
alvi,2
kaiser,2
snowman,2
low,2
ades,2
thunder,2
era,2
guren,2
unknowen,2
griff,2
merrill,2
lon,2
fanita,2
pendleton,2
violation,2
hanazawa,2
jager,2
skylark,2
jos,2
legrand,2
fries,2
ochs,2
surre,2
tilt,2
ruina,2
freddy,2
dubberley,2
soutor,2
maine,2
morio,2
yoshimura,2
ishibumi,2
adkinson,2
hilliard,2
mma,2
hone,2
negreanu,2
gerry,2
bensimon,2
langmuir,2
large,2
vatsyayana,2
vicenc,2
talavera,2
fiebig,2
hiro,2
lain,2
lindqvist,2
straus,2
bendis,2
goose,2
anger,2
stack,2
jacobus,2
gina,2
lahner,2
laake,2
killoren,2
amo,2
vanilla,2
cureton,2
trevanian,2
atkinson,2
germaine,2
bilbo,2
trista,2
gholston,2
darwyn,2
sl,2
reality,2
divine,2
dunham,2
romita,2
mikal,2
goodrick,2
teresa,2
gaines,2
tornio,2
powel,2
darlage,2
tsugumi,2
ohba,2
snowden,2
club,2
faa,2
usdot,2
joost,2
miyamoto,2
vincenzo,2
musashi,2
do,2
mikhail,2
assante,2
shelby,2
towa,2
oshima,2
vallego,2
weston,2
alliance,2
dweck,2
alyssa,2
sabella,2
der,2
abu,2
nat,2
andrei,2
florentine,2
guiles,2
ichiei,2
meerloo,2
enoches,2
vasari,2
casanova,2
bianca,2
zollner,2
ventura,2
mccurry,2
tohru,2
nishimaki,2
gruitrooy,2
redd,2
gallery,2
kazutaka,2
diclaudio,2
magnus,2
python,2
summer,2
balthazar,2
junius,2
lenny,2
holzer,2
cor,2
emmons,2
starling,2
serrano,2
beste,2
oct,2
chelsea,2
schama,2
kolker,2
sandler,2
roman,2
guillermo,2
hawes,2
maynard,2
akiyoshi,2
files,2
byron,2
ota,2
compiled,2
dossie,2
lao,2
sonovia,2
meri,2
hillman,2
julius,2
bazzell,2
paiva,2
taliani,2
z,2
poppy,2
kong,2
candy,2
spud,2
craughwell,2
iles,2
popoff,2
cuneo,2
earnest,2
forsyth,2
penelope,2
bremer,2
sexual,2
nov,2
konstantinos,2
timmons,2
tatiana,2
ryuto,2
towell,2
cushway,2
corinne,2
goldsberry,2
coop,2
smooth,2
nadia,2
mathieu,2
dca,2
n,2
brite,2
bender,2
rowland,2
aquino,2
umoja,2
hugo,2
briony,2
tanya,2
shilton,2
manton,2
francine,2
rie,2
delorme,2
netter,2
mon,2
marjorie,2
eubanks,2
pennington,2
zack,2
herbenick,2
vargas,2
niffenegger,2
ridgeway,2
finegan,2
rostova,2
marz,2
dix,2
smit,2
hoskins,2
rocco,2
mari,2
budge,2
dementia,2
ayton,2
january,2
wallis,2
year,2
suzuki,2
pdr,2
aj,2
gallas,2
vicky,2
cath,2
fawcett,2
dempsey,2
original,2
yasuhiro,2
arem,2
jance,2
melchor,2
callahan,2
yoshimrakana,2
halberstam,2
psychiatric,2
nabokov,2
vladimir,2
montana,2
lord,2
malkin,2
vitaly,2
brom,2
arntfield,2
lawson,2
marion,2
neiman,2
mayer,2
phoebe,2
delp,2
skai,2
christoph,2
berenson,2
as,2
urushihara,2
fx,2
natavia,2
bentley,2
amante,2
seven,2
takachino,2
sampson,2
lang,2
christiane,2
lockhart,2
smokey,2
lecouteux,2
rekomaru,2
dash,2
petzal,2
czernich,2
honour,2
carlyle,2
poynor,2
wujcik,2
lozoff,2
spain,2
warner,2
marinas,2
majette,2
danette,2
imagine,2
urbano,2
isaac,2
rielly,2
fontaine,2
dahl,2
iandoli,2
mendez,2
scalera,2
damian,2
buddy,2
sr,2
willa,2
hoshino,2
carten,2
tejaratchi,2
vic,2
vidal,2
dec,2
nido,2
gatrell,2
gore,2
connolly,2
sigrist,2
volkov,2
yukinobu,2
takeo,2
q,2
griswold,2
poyton,2
bertolini,2
linette,2
auerbach,2
ranmaru,2
willy,2
adolf,2
henley,2
riche,2
burrows,2
modern,2
merriam,2
costa,2
portia,2
updated,2
dore,2
gustave,2
goins,2
bethany,2
redbeard,2
ragnar,2
isis,2
manny,2
capobianco,2
legs,2
history,2
nagamine,2
shoshin,2
alessandro,2
yoshitaka,2
akim,2
menginie,2
holdstock,2
langley,2
hourly,2
sammon,2
mintz,2
fischmann,2
weaver,2
suzann,2
chong,2
manley,2
illona,2
paris,2
ruben,2
lolita,2
relentless,2
harlan,2
rajen,2
messier,2
ric,2
payne,2
levenda,2
dary,2
pin,2
tsao,2
phong,2
willeford,2
dearth,2
paige,2
enoch,2
state,2
schull,2
dwyer,2
aloi,2
bataille,2
chaykin,2
guido,2
second,2
charlie,2
collective,2
rza,2
stephens,2
lennox,2
yoe,2
burke,2
keasler,2
drnaso,2
rechy,2
ditter,2
mciver,2
tamika,2
marsha,2
marquez,2
niederwieser,2
kellen,2
hutson,2
darrin,2
raquel,2
krause,2
igor,2
weinman,2
trotman,2
bode,2
wheat,2
neely,2
novak,2
lob,2
misty,2
hartink,2
rheims,2
heard,2
fulbright,2
chepesiuk,2
sonya,2
caro,2
vale,2
teglia,2
dwayne,2
graysmith,2
mckeown,2
texe,2
moller,2
eugene,2
nowak,2
erian,2
brandie,2
forward,2
usda,2
olivier,2
deaver,2
moorcock,2
kawand,2
death,2
squires,2
ricci,2
ryohgo,2
elisa,2
engel,2
lien,2
lu,2
macbride,2
foley,2
every,2
party,2
noir,2
marcelo,2
laurinda,2
valiente,2
church,2
research,2
millie,2
nation,2
dyer,2
haro,2
johns,2
dang,2
ayres,2
brickhouse,2
charla,2
zedde,2
morita,2
fanning,2
keri,2
takada,2
storey,2
tupac,2
thibeault,2
fresh,2
france,2
flesh,2
lisabet,2
genevieve,2
vassi,2
road,2
laurenston,2
map,2
plummer,2
narita,2
olley,2
lamb,2
sabrina,2
aso,2
bateson,2
hogg,2
chee,2
swim,2
scarlett,2
des,2
meyer,2
whitmore,2
wall,2
dakota,2
margo,2
stephenson,2
mcphee,2
honey,2
devlin,2
turtledove,2
nic,2
vickery,2
joachim,2
swallows,2
persaud,2
trilogy,2
rei,2
manco,2
mie,2
office,2
hiromi,2
falasha,2
stories,2
awsum,2
patrice,2
sedgewick,2
dedeaux,2
takashima,2
thong,2
kreider,2
ramsdale,2
mcleod,2
kroll,2
supplement,2
players,2
lennon,2
player,2
uki,2
ogasawara,2
marissa,2
haun,2
roxana,2
iv,2
goldman,2
truddi,2
manvell,2
cannon,2
proby,2
hollick,2
wataru,2
tobocman,2
jeannie,2
african,2
shy,2
akasha,2
sea,2
rene,2
arts,2
photography,2
esq,2
family,2
burl,2
sqp,2
blaedel,2
karasuma,2
dist,2
towsley,2
hiroyuki,2
craft,2
vogel,2
angels,2
ink,2
ardis,2
roderick,2
parry,2
bystrom,2
pearlman,2
anita,2
chen,2
hayahi,2
matyszak,2
imai,2
caummisar,2
rolling,2
fathers,2
juna,2
marenda,2
mcguire,2
works,2
university,2
trae,2
borgstrom,2
britton,2
picerno,2
lessard,2
soto,2
hanauer,2
thurow,2
maas,2
carcupino,2
stormy,2
rosalyn,2
tee,2
malak,2
soda,2
barer,2
michal,2
tod,2
boyle,2
waysun,2
truew,2
platinum,2
arvida,2
schider,2
nina,2
sanderson,2
eckstine,2
clowes,2
mancuso,2
schorr,2
doralba,2
lasseter,2
canter,2
atlus,2
wigginton,2
rowling,2
barger,2
burnett,2
bulmahn,2
guides,2
speller,2
kurtz,2
insight,2
dot,2
devine,2
wightwick,2
magic,2
benhaim,2
forty,2
kingsley,2
bud,2
authorized,2
kipple,2
expanded,2
willocks,2
luke,2
svoray,2
freedom,2
imani,2
hallie,2
becky,2
ahearn,2
bev,2
yaron,2
mirella,2
bunker,2
griffiths,2
connelly,2
secret,2
lotta,2
valentin,2
kauz,2
musser,2
brussel,2
brooke,2
bouchard,2
adair,2
leela,2
vivian,2
stell,2
galvin,2
ang,2
yolanda,2
meredith,2
laing,2
service,2
nikhil,2
an,2
student,2
eliot,2
minette,2
justine,2
baum,2
heinrich,2
multiple,2
ike,2
medina,2
pardee,2
brewer,2
rex,2
fabian,2
rushkoff,2
toni,2
limited,2
adrienne,2
ortner,2
other,2
gaafar,2
xavier,2
anya,2
corman,2
fraenkel,2
cory,2
aaa,2
finley,2
maloof,2
norma,2
tarantino,2
winn,2
mohr,2
federal,2
olaf,2
randal,2
gerina,2
kurumatani,2
ashwell,2
cobain,2
simblet,2
pike,2
bj,2
jaoquim,2
dunwich,2
franco,2
h,2
venus,2
wroten,2
copyright,2
taddeo,2
haruko,2
ridley,2
whitney,2
teufel,2
kroger,2
jeffre,2
latoya,2
anabel,2
mathers,2
toby,2
clement,2
amor,2
ferriss,2
minami,2
bevan,2
cave,2
rainier,2
cardwell,2
diva,2
locke,2
schneebaum,2
hakim,2
nishino,2
roslund,2
jeter,2
echols,2
step,2
publication,2
yamamura,2
bureau,2
genia,2
gun,2
konig,2
mouse,2
johji,2
farris,2
larocco,2
amberlake,2
barrow,2
pilgrim,2
proctor,2
zacks,2
chalker,2
departmemt,2
trice,2
caragonne,2
reay,2
schwarz,2
bing,2
federico,2
person,2
judd,2
doris,2
perry,2
deanna,2
wolff,2
administration,2
dobell,2
leonardo,2
stowers,2
andreyko,2
fall,2
newquist,2
sell,2
foxx,2
forbes,2
salvatore,2
courtenay,2
castleden,2
lestewka,2
hp,2
hyun,2
brant,2
octavia,2
rahner,2
winters,2
nicola,2
ceci,2
aviation,2
felton,2
leibovitz,2
tannahill,2
samaras,2
henden,2
cassandra,2
sterling,2
fraizer,2
raine,2
rudolf,2
tiner,2
jeffs,2
dana,1
wolfman,1
thurman,1
bromley,1
matheu,1
jing,1
wing,1
reinaldo,1
kohler,1
wilkie,1
spiotta,1
city,1
sporre,1
marv,1
dodie,1
driskell,1
hewitt,1
wrld,1
gloeckner,1
friedrich,1
turchie,1
lenz,1
kottak,1
wiehl,1
macias,1
lis,1
apatow,1
toshio,1
ironrod,1
palaniuk,1
chartham,1
biskind,1
lam,1
linna,1
waris,1
kold,1
garlock,1
sjoman,1
breton,1
kinshasha,1
taqui,1
mattson,1
kathi,1
gershen,1
seccuro,1
curti,1
beauchamp,1
robie,1
nujood,1
maeda,1
burnham,1
hua,1
whitaker,1
oakley,1
serbin,1
sumner,1
sager,1
arlidge,1
hana,1
koffi,1
icke,1
mofford,1
howarth,1
liebert,1
palumbo,1
vilgot,1
berk,1
kaiga,1
thamm,1
proffitt,1
hizuki,1
fischer,1
dirie,1
arenas,1
horley,1
boffin,1
hochadel,1
blecker,1
hachette,1
braddock,1
hanada,1
anata,1
lagrange,1
hedgpeth,1
zhong,1
hibiku,1
chrissy,1
wasiim,1
cinnamon,1
gear,1
kost,1
borowski,1
hartmann,1
vestal,1
talbot,1
rossmo,1
kovach,1
bluestone,1
steff,1
torre,1
evenson,1
hallman,1
wolfgang,1
thorp,1
londyn,1
brundage,1
adir,1
miltenberg,1
trachtman,1
clay,1
culleton,1
zigno,1
ganey,1
malmstrom,1
langohr,1
jamon,1
fingerman,1
springmeier,1
valarie,1
ellsworth,1
jakob,1
margit,1
beatrice,1
niko,1
wiggerman,1
teneues,1
vorobyov,1
santana,1
kubert,1
cleves,1
karem,1
klosterman,1
desario,1
horrocks,1
mochizuki,1
katsuya,1
terada,1
boaz,1
kasmauski,1
shnurman,1
ralphs,1
over,1
deida,1
goldstone,1
angalia,1
pandora,1
fabrizio,1
comolli,1
austen,1
tayah,1
alvando,1
mustafa,1
tasso,1
avon,1
biasi,1
bemis,1
lowenfels,1
maile,1
feisty,1
branson,1
sessyu,1
takemura,1
barclay,1
dolph,1
lundgren,1
mirren,1
mitsukazu,1
hignite,1
shabazz,1
tallack,1
franca,1
vatkiotis,1
angeletti,1
sozzani,1
goldwire,1
carmichel,1
marcie,1
miwa,1
sallie,1
bendell,1
bissell,1
luba,1
goudy,1
ikenson,1
dalio,1
tazadaq,1
tavon,1
ariel,1
everett,1
darlene,1
servarg,1
oeming,1
giorello,1
tilton,1
pomare,1
medal,1
dillard,1
hetherington,1
meloy,1
tomas,1
dolina,1
covey,1
minetaro,1
tomiyama,1
prout,1
mithcell,1
schulze,1
feuereisen,1
anthology,1
micha,1
weidensaul,1
nyeem,1
reibun,1
dragun,1
meyerowitz,1
neissa,1
bunch,1
monet,1
tiger,1
pastis,1
akiyosha,1
stanhope,1
scrill,1
adlington,1
strephon,1
kisetsu,1
klinko,1
gygax,1
meoli,1
furst,1
edison,1
bridget,1
gundill,1
trenae,1
blog,1
narco,1
martijn,1
adelson,1
chessy,1
rooi,1
bowyer,1
bartollas,1
mcfedries,1
clemens,1
kel,1
kahlo,1
mcvicker,1
warshaw,1
kristin,1
dangelmaier,1
frida,1
demetri,1
helm,1
cora,1
borton,1
myron,1
bracke,1
haraka,1
maitland,1
erzinclioglu,1
cuffey,1
mattioli,1
zakaria,1
borda,1
meter,1
remigiusz,1
solt,1
plotnik,1
jach,1
brommer,1
leifer,1
solarski,1
dannie,1
bohm,1
lilli,1
gane,1
raymes,1
hamill,1
leunig,1
mase,1
mindell,1
portela,1
dayanara,1
larrima,1
trynka,1
iwahara,1
garber,1
korda,1
grimsley,1
motley,1
aemmon,1
khan,1
motoro,1
mallon,1
gudrun,1
crue,1
mercier,1
dauner,1
gahlinger,1
adders,1
montenegro,1
nestle,1
stauffer,1
flor,1
spalding,1
rijn,1
torsten,1
cartagena,1
drooker,1
garduno,1
wolman,1
butchart,1
alfonsi,1
sable,1
hamm,1
zubiaur,1
gursel,1
kaizen,1
shaolin,1
lenk,1
cochrane,1
haimowitz,1
maddie,1
cheney,1
guarisco,1
polack,1
rufson,1
fraser,1
caponi,1
linde,1
steart,1
kerrie,1
finkelstein,1
bekee,1
salber,1
odette,1
khashon,1
figlioli,1
albericci,1
jerilyn,1
colon,1
choo,1
cartier,1
butterworth,1
darnton,1
genzmer,1
ruiz,1
shreve,1
bessy,1
deaton,1
wieland,1
capretti,1
gaizo,1
piero,1
paulie,1
dominate,1
nika,1
waterfield,1
eggleton,1
mosiman,1
billie,1
cure,1
androck,1
mithlo,1
lachman,1
vanderlinden,1
carriker,1
mckinney,1
ernie,1
chigozie,1
ignacio,1
obioma,1
bingo,1
neret,1
wildinns,1
kojo,1
ameen,1
moning,1
mascetta,1
teese,1
simonsson,1
rosa,1
soy,1
mossanen,1
brattig,1
dora,1
hirliman,1
cathia,1
fredriksson,1
jenainati,1
kaylin,1
devore,1
hagemann,1
laferriere,1
sundahl,1
laurents,1
diederich,1
irwin,1
schiff,1
thorina,1
alterki,1
yamila,1
serrian,1
liano,1
zelda,1
parsell,1
kernion,1
robuck,1
abs,1
gorenstein,1
oakland,1
adler,1
east,1
mcewan,1
butz,1
maio,1
houck,1
hotchkiss,1
perriman,1
meem,1
stelle,1
kuznetsova,1
kristyn,1
ljalja,1
sc,1
mikey,1
tini,1
carmack,1
getty,1
haughton,1
fuxing,1
halder,1
soma,1
hayder,1
padilla,1
mo,1
ormsby,1
brandelius,1
quitely,1
grier,1
luaces,1
winegarner,1
swale,1
rena,1
tanzer,1
eliska,1
karlens,1
kennoji,1
checa,1
dare,1
joaquin,1
abi,1
kelman,1
navey,1
mallinson,1
donat,1
clawes,1
hamman,1
valenzuela,1
artemis,1
hazelwood,1
bofkin,1
ladas,1
ritz,1
hollon,1
millard,1
hack,1
rochan,1
roel,1
pattanaik,1
oakgrove,1
beverley,1
dream,1
heck,1
dubus,1
maia,1
kobabe,1
cumin,1
sybert,1
kovar,1
frizzell,1
sky,1
stryker,1
barson,1
yuya,1
osborne,1
sharpshooter,1
elsner,1
ness,1
lawton,1
thierry,1
skynova,1
forwood,1
jamilla,1
musset,1
dante,1
tenia,1
oxbert,1
aleghieri,1
euftis,1
leguizamo,1
chwast,1
freddie,1
stilloan,1
smolderen,1
cothren,1
daneil,1
bryony,1
grevy,1
leif,1
pereira,1
jali,1
leyner,1
sandrine,1
stanko,1
wilborn,1
meynendonckx,1
fien,1
grody,1
yamamoto,1
muchembled,1
duhart,1
neugebauer,1
unwerth,1
natashia,1
lovisi,1
fabienne,1
ket,1
edlin,1
kirsch,1
emilio,1
wortham,1
budapest,1
zsuzsanna,1
les,1
dimsdale,1
mayne,1
palacio,1
toll,1
wickline,1
deon,1
davdutt,1
freya,1
nimoy,1
asamori,1
mccartney,1
isaiah,1
blancas,1
ffiona,1
deidra,1
jacklyn,1
yusuke,1
kishi,1
skipp,1
levey,1
benes,1
luard,1
pittard,1
knisley,1
yosef,1
jochannan,1
housekeep,1
winks,1
skal,1
ojeda,1
salomon,1
brill,1
grimberg,1
macmillian,1
dunja,1
appignanesi,1
kinzie,1
grivet,1
iooss,1
cyrian,1
petruzzellis,1
abrahams,1
hilali,1
mccay,1
cisco,1
felitta,1
korn,1
kronhausen,1
candace,1
bettes,1
yabako,1
reichert,1
sandrovich,1
widdowson,1
rosalind,1
tamifull,1
mariposa,1
honeycutt,1
riis,1
abbots,1
garthwaite,1
urbana,1
slave,1
dragos,1
dey,1
alon,1
bement,1
voltz,1
forsman,1
greeane,1
hafner,1
fredericksen,1
devon,1
uwiringiyimana,1
decosta,1
asad,1
rutty,1
grovner,1
josephine,1
sevely,1
youichi,1
fukano,1
franks,1
emshwiller,1
skates,1
steves,1
opoku,1
larissa,1
jeans,1
petruzella,1
zipp,1
neruda,1
muham,1
pablo,1
sberna,1
brun,1
goff,1
ekrek,1
scholder,1
ulmer,1
burnside,1
womack,1
glazebrook,1
carnell,1
beckerman,1
braun,1
vernon,1
tweedale,1
spice,1
kurpinski,1
eibesfeldt,1
shinji,1
brandner,1
jorn,1
naughten,1
kajio,1
hadrien,1
rifkin,1
peru,1
din,1
marieb,1
alanguilan,1
baggaley,1
karala,1
eibl,1
irenaus,1
berkey,1
rubins,1
ud,1
hadnagy,1
shreeve,1
rathus,1
goings,1
poulson,1
reagan,1
matheson,1
togashi,1
frenzel,1
liliana,1
yoshihiro,1
homer,1
nietesch,1
stubberud,1
jamonz,1
sabatini,1
glaser,1
braya,1
gieco,1
rossell,1
redman,1
alleyne,1
wylie,1
lenn,1
dekkers,1
elisabeth,1
cyriax,1
ozaki,1
tatsuhiro,1
sledge,1
mya,1
beliveau,1
spalter,1
ravenscroft,1
barbe,1
emotion,1
turnpenny,1
pred,1
jonni,1
daylle,1
wiggan,1
cock,1
grossinger,1
starkey,1
brand,1
midas,1
yona,1
trafton,1
cuttle,1
cas,1
itaba,1
hiroshi,1
vaneecia,1
sonnenberg,1
yamagata,1
susanna,1
zaczek,1
sha,1
houdret,1
telep,1
mallett,1
jessicaa,1
josie,1
delacampagne,1
jessie,1
cheever,1
ariane,1
ajiichi,1
palazzola,1
eisenkraft,1
maveric,1
pedraza,1
maxine,1
gadd,1
valdir,1
maddow,1
owens,1
knowlton,1
portes,1
mcfadyen,1
satomi,1
glasper,1
chenoune,1
gammil,1
baudot,1
antonaccio,1
kinosuke,1
marillier,1
naito,1
helena,1
fellows,1
teal,1
rattle,1
triggs,1
ricker,1
mcfarland,1
rolf,1
lavicne,1
handleman,1
sou,1
axl,1
seddon,1
kady,1
fermie,1
stinnett,1
zeena,1
hellenga,1
blonsky,1
helnwein,1
schutsky,1
cheroux,1
montague,1
mazaroff,1
sagara,1
berloquin,1
farid,1
rollack,1
koshi,1
caressa,1
duza,1
rutu,1
modan,1
golightly,1
yasmin,1
shiraz,1
niles,1
menendez,1
parkes,1
rikdo,1
girard,1
coulthart,1
yorke,1
ferragamo,1
hockney,1
clayman,1
yampolsky,1
mariana,1
marinelli,1
astle,1
roen,1
tenold,1
pebbles,1
scannell,1
suzie,1
keavin,1
daneana,1
heumann,1
grizzly,1
nietzsche,1
keira,1
kirchner,1
maitreyi,1
vartanian,1
tate,1
kuenzli,1
dicks,1
shagging,1
maxime,1
valette,1
rothberg,1
chion,1
shattuck,1
kierran,1
lightworship,1
goedde,1
tsuina,1
piontek,1
montefiore,1
mcanulty,1
barbee,1
dok,1
lazzari,1
darcy,1
blauvelt,1
douchan,1
gersi,1
cai,1
gubern,1
jens,1
upjohn,1
everard,1
ackroyd,1
biller,1
farber,1
ny,1
jun,1
harrold,1
calhoun,1
flora,1
desir,1
chaussures,1
brewster,1
means,1
weil,1
slott,1
tommaso,1
simmans,1
volk,1
vuckovic,1
wedel,1
gurche,1
geofrey,1
darrow,1
bablet,1
bramly,1
freke,1
shante,1
shiva,1
jovanka,1
fitzpatrick,1
kuhn,1
enoeda,1
ransome,1
rasheed,1
brode,1
visser,1
astrid,1
daley,1
moreno,1
frei,1
janikian,1
felisha,1
ciencin,1
feldman,1
keinosuke,1
glow,1
walta,1
ich,1
mein,1
staark,1
correa,1
cumber,1
darly,1
dance,1
knotty,1
henger,1
rea,1
redrop,1
emanuele,1
raphaelle,1
sonntag,1
denyse,1
beaulieu,1
treadwell,1
eberwein,1
bronstein,1
betito,1
dimery,1
rendell,1
taglietti,1
kaper,1
mcilhaney,1
amira,1
queenpen,1
mordecal,1
imagawa,1
winward,1
bilzerian,1
bam,1
margera,1
utatane,1
kinkly,1
kidder,1
daisy,1
guus,1
monat,1
malt,1
amara,1
proulx,1
maltz,1
steam,1
berning,1
gugenheim,1
hofler,1
chrystale,1
gerlings,1
orsini,1
luijters,1
mars,1
horimouja,1
verdun,1
jf,1
fontana,1
right,1
bambi,1
ommer,1
schonlau,1
jernigan,1
tera,1
oliphant,1
easterman,1
babs,1
lakey,1
randis,1
yunting,1
lillian,1
dunsmore,1
denoux,1
rivers,1
stirling,1
chant,1
hentoff,1
ina,1
jourist,1
faison,1
aquarian,1
helfgott,1
christe,1
copage,1
shengold,1
zoran,1
drvenkar,1
sorayama,1
vonna,1
satanas,1
jaymes,1
mowrer,1
katariina,1
rosenblatt,1
sitterson,1
arwas,1
plante,1
beaton,1
smallman,1
cejudo,1
strongman,1
trish,1
abbie,1
pauli,1
gemmen,1
cuhaj,1
electa,1
rotenberg,1
alastair,1
peisheng,1
rubel,1
vogue,1
rush,1
akerley,1
strother,1
bottier,1
ebner,1
florent,1
lollar,1
iyanla,1
ono,1
donoghue,1
bertrice,1
yoko,1
disclafani,1
gorges,1
barbucci,1
nozedar,1
jami,1
nazer,1
alden,1
camm,1
meisha,1
roupenian,1
mcleer,1
habif,1
jime,1
litwalk,1
sharry,1
bohjalian,1
jw,1
vanzant,1
bahr,1
bean,1
nissenson,1
neiderman,1
rian,1
mettrauh,1
pan,1
tachibana,1
ronne,1
bocquet,1
choi,1
mackey,1
ah,1
mende,1
kyung,1
diepen,1
schoenberner,1
cy,1
meth,1
mccalla,1
ezell,1
daedone,1
fielder,1
olajide,1
amato,1
ogino,1
action,1
candlin,1
campos,1
klossowski,1
lutishia,1
wilburn,1
lovely,1
clow,1
malzberg,1
jilliane,1
stahel,1
hudspeth,1
maclane,1
yello,1
castro,1
bautista,1
edsel,1
ledroit,1
akatar,1
cristina,1
kwang,1
ganz,1
mikamoto,1
mairowitz,1
ballard,1
chrisian,1
neon,1
revolt,1
remsberg,1
harrigan,1
jackman,1
barrena,1
bogazianos,1
tamicka,1
rosencrance,1
faron,1
satoru,1
kannagi,1
allee,1
rhianna,1
rasenberger,1
dimitri,1
koster,1
bitoun,1
mckinnon,1
ryoh,1
javna,1
yuuki,1
bustos,1
gayla,1
arlether,1
winchell,1
panther,1
srotsecna,1
vunak,1
thoenes,1
sasson,1
rosenkranz,1
mykle,1
bosch,1
kalla,1
suburbia,1
bosshi,1
eye,1
karp,1
yoshino,1
baiardi,1
schwalb,1
sprange,1
wellington,1
elton,1
anthonissen,1
gever,1
lozano,1
rothe,1
masahior,1
isayama,1
christoff,1
corben,1
organization,1
shinya,1
helmer,1
marinetti,1
lannert,1
henstra,1
piskor,1
chie,1
shinohara,1
woolliscroft,1
bogosian,1
aellen,1
umemura,1
renfroe,1
yotsuba,1
yaworski,1
coolomon,1
lanes,1
capwell,1
madonna,1
batt,1
keeshin,1
ibn,1
bashir,1
flacco,1
matty,1
goode,1
primavera,1
aitchison,1
mangin,1
nicholls,1
brunicardi,1
dufosse,1
reinhard,1
hiscox,1
steiner,1
alasdair,1
kitten,1
hashimoto,1
westen,1
kirchheimer,1
lafler,1
declan,1
shalvey,1
bolano,1
stratford,1
shibata,1
cather,1
bennet,1
engelke,1
toney,1
bejgrowicz,1
kwitney,1
hung,1
kingdon,1
akal,1
pritman,1
kerilhaug,1
betsy,1
prioleau,1
batchelder,1
tran,1
broder,1
lai,1
nickels,1
kuroda,1
estela,1
ruston,1
malu,1
halasa,1
gomm,1
haining,1
porath,1
bracy,1
courtley,1
yosuke,1
alisa,1
balfour,1
barres,1
eaton,1
damsits,1
monni,1
habu,1
essi,1
berelian,1
marx,1
kunsthaus,1
bregenz,1
matrosov,1
crucifix,1
demers,1
varshavskaya,1
bisang,1
spurgeon,1
bussagli,1
cinzia,1
valigi,1
clayson,1
mildred,1
dirk,1
gill,1
farameh,1
artemio,1
feghelm,1
hubbard,1
pascal,1
minamoto,1
venturini,1
ingrid,1
urasawa,1
schaffner,1
swinglehurst,1
norbert,1
hazelgrove,1
moyoco,1
anno,1
feuerstein,1
dagmar,1
warnock,1
mirdad,1
saber,1
weinberg,1
gakken,1
rina,1
petty,1
buydens,1
carissa,1
rudolph,1
elissa,1
roydhouse,1
keilon,1
fragoso,1
berryhill,1
israel,1
regardie,1
serota,1
sewell,1
belcher,1
kulick,1
dorean,1
scribbz,1
belizaire,1
pop,1
ari,1
marcospoulos,1
lockwood,1
hazzard,1
cream,1
feinberg,1
lakisha,1
stine,1
zachary,1
lew,1
zingano,1
dexter,1
folkes,1
nurit,1
singular,1
kitchel,1
tokihiko,1
matsuura,1
hurd,1
jarraid,1
jinkins,1
schonberger,1
fern,1
kiser,1
mengel,1
lubben,1
jeanine,1
cognito,1
mones,1
shanice,1
saffold,1
cee,1
dikkers,1
dowswell,1
seventeen,1
tip,1
ginger,1
nightow,1
gylseth,1
valdespino,1
gaghan,1
virgo,1
yusaku,1
chelsia,1
gloeden,1
hanakuma,1
shigeo,1
sui,1
vankin,1
meryman,1
guss,1
aphrodite,1
wilhelm,1
pupek,1
kaminski,1
humfrey,1
tippi,1
strayed,1
levitz,1
schlebrugge,1
wyllie,1
heidecker,1
bartoli,1
adelman,1
marcius,1
akinao,1
bracht,1
danner,1
malocco,1
dudukchan,1
swallow,1
petrina,1
ester,1
lords,1
franck,1
maubert,1
krakow,1
macgregor,1
gericke,1
eckermann,1
rothfuss,1
mckelvie,1
kenney,1
chantal,1
cosby,1
guerrero,1
artie,1
blubaugh,1
alejandra,1
cobby,1
heidenry,1
yates,1
salle,1
wurman,1
grebe,1
ferrar,1
robotham,1
graydon,1
magubane,1
hixon,1
hite,1
place,1
alain,1
gunter,1
sharron,1
gaydas,1
pournelle,1
tiona,1
dawkins,1
wednesday,1
eusi,1
hollingsworth,1
hedges,1
canning,1
ferrante,1
ecko,1
anja,1
sacher,1
amayumi,1
valant,1
laennec,1
prinke,1
carlson,1
rafat,1
quick,1
brinkley,1
sitney,1
edmiston,1
belan,1
scheper,1
jeffries,1
masoch,1
pham,1
vinh,1
rottman,1
ha,1
grodzinsky,1
deforge,1
mcgown,1
canale,1
barckhausen,1
leopold,1
yatri,1
warhol,1
amhoff,1
rein,1
theo,1
cantrell,1
weirdstuff,1
kobena,1
vega,1
yoshimitsu,1
kellett,1
konominij,1
ramses,1
aron,1
wenborn,1
buffington,1
hagen,1
szulkin,1
corbett,1
states,1
united,1
tamara,1
windeler,1
brockie,1
eggerue,1
chidera,1
vries,1
halbert,1
diggers,1
tynessa,1
bakshi,1
doerner,1
wenck,1
sturgis,1
simons,1
rinker,1
mena,1
giambra,1
riemer,1
sappington,1
taleeb,1
somers,1
starkes,1
maynwaring,1
podesto,1
kindlon,1
jaqueline,1
driscoll,1
erath,1
glickman,1
sattler,1
christy,1
margaux,1
bucksam,1
sahebjam,1
parrish,1
konstantin,1
maj,1
linnie,1
komarov,1
harter,1
molon,1
fantham,1
mcgilvray,1
dufaux,1
dunstan,1
milka,1
ntozake,1
shange,1
trager,1
seo,1
soloway,1
rost,1
check,1
moroto,1
esteban,1
gilb,1
dagoberto,1
mundy,1
brunel,1
kobayashi,1
ives,1
loupos,1
posy,1
simmonds,1
nellie,1
mohaimeed,1
blassingame,1
rinko,1
ueda,1
birinder,1
tember,1
chaline,1
hsu,1
blanks,1
yuen,1
foen,1
tjoeng,1
lie,1
hornsey,1
chul,1
yousef,1
sung,1
whang,1
holler,1
sackett,1
choucha,1
linanne,1
padgett,1
stang,1
makamura,1
brano,1
bucceri,1
orr,1
thibodeau,1
pfalzgraf,1
humikane,1
shimada,1
chance,1
tomi,1
korem,1
shungiku,1
gariff,1
gelb,1
buronson,1
sincero,1
cousins,1
gombrich,1
kray,1
posnick,1
freidoune,1
kitty,1
fernald,1
cathrin,1
mitford,1
klingsohr,1
beaumont,1
newhall,1
littleproud,1
melhuish,1
jillian,1
rendon,1
ramel,1
rones,1
salgado,1
sebastiao,1
newlevant,1
butcher,1
macintyre,1
zabel,1
berenbaum,1
finlay,1
wedgwood,1
raucher,1
yurikawa,1
sisman,1
brea,1
monika,1
maimon,1
somananda,1
sathers,1
edako,1
mofumofu,1
vendramini,1
levario,1
sycamore,1
lorae,1
terese,1
jessey,1
smauldon,1
hines,1
bruning,1
masaki,1
penczak,1
jaggs,1
folan,1
menkes,1
perkinson,1
monthly,1
texas,1
bartee,1
haile,1
streeter,1
massie,1
hawthorne,1
mariella,1
macneil,1
fezzani,1
roder,1
vantoch,1
cyril,1
pedrosa,1
write,1
atsuko,1
jourlet,1
hellman,1
yusen,1
mcauliffe,1
leung,1
norfleet,1
cossar,1
vanasco,1
fried,1
milli,1
sivo,1
robins,1
billingsley,1
gruber,1
ting,1
chadwick,1
givry,1
lightwoman,1
attar,1
lough,1
fujimi,1
mook,1
weller,1
durfee,1
leeza,1
hayertz,1
muriel,1
hasbrouck,1
anatha,1
rosman,1
vonda,1
laszlo,1
legeza,1
ajit,1
kryske,1
mookerjee,1
nordan,1
argyle,1
ananda,1
sarita,1
leora,1
houtkamp,1
angelique,1
grillot,1
shire,1
ebeling,1
tevin,1
barstow,1
vergel,1
sztybor,1
torren,1
billinghurst,1
speed,1
warsan,1
bartosz,1
petherbridge,1
pelto,1
katerina,1
tatum,1
benedikt,1
paz,1
diman,1
higes,1
camthorne,1
miyahara,1
tabler,1
binnie,1
kuroki,1
migo,1
chaiko,1
oumi,1
rusty,1
min,1
linebaugh,1
rius,1
xanthe,1
wyk,1
holberton,1
nuel,1
buirter,1
estudio,1
dingess,1
jilovante,1
amsel,1
krista,1
hirohiko,1
brophy,1
masanao,1
eka,1
kurniawan,1
mcbee,1
thripshaw,1
hague,1
mambo,1
tierney,1
vann,1
laveau,1
griselda,1
essers,1
ratner,1
fu,1
zhongwen,1
mansfield,1
simco,1
gilchrist,1
hallmark,1
cassar,1
jaeger,1
rise,1
starks,1
navratilova,1
kostas,1
dervenis,1
conway,1
jazzie,1
testino,1
marines,1
charyn,1
dienes,1
mernagh,1
cyr,1
sutter,1
joso,1
kishimoto,1
matts,1
souryu,1
usamaru,1
furuya,1
kackley,1
jenesequa,1
tahanee,1
blaise,1
schuster,1
wit,1
howgate,1
padge,1
khalilah,1
wray,1
denneny,1
calimach,1
massey,1
partee,1
kisaragi,1
gunma,1
heiferman,1
taeckens,1
windslowe,1
ronn,1
benny,1
zimmerman,1
melliono,1
laqueur,1
axelson,1
scarfe,1
grenier,1
gretchen,1
schmidhausler,1
thorsson,1
bunnell,1
jereme,1
baisden,1
darmon,1
kalesniko,1
marcel,1
paquet,1
seigmann,1
brookshaw,1
turcotte,1
skroce,1
mem,1
mehmet,1
suzuri,1
volkmar,1
watts,1
miv,1
ritschel,1
miasha,1
buell,1
pyne,1
amselle,1
niquet,1
lucchesi,1
yasuo,1
ohtagaki,1
chunkky,1
worldwide,1
indio,1
nonaka,1
fito,1
kerr,1
chilson,1
krakauer,1
sessums,1
geordon,1
nicol,1
picardie,1
dela,1
draxler,1
ritchie,1
rodinson,1
rideal,1
tyataniyou,1
matsu,1
salman,1
rushdie,1
dematteis,1
sirona,1
lomax,1
hurbon,1
pearlmand,1
idle,1
benshoff,1
hari,1
yasuda,1
muroku,1
zamural,1
enki,1
bilal,1
thilde,1
barboni,1
fatjew,1
suzuhito,1
ostrovsky,1
maell,1
parra,1
kirtland,1
haggart,1
tyresha,1
edis,1
delicio,1
echo,1
nobuhiko,1
heron,1
vicente,1
segrelles,1
venter,1
numerous,1
rousseau,1
moncrieffe,1
welleran,1
luv,1
muv,1
mab,1
segrest,1
ingham,1
fosco,1
maraini,1
mcluhan,1
alteneck,1
turley,1
poltarnees,1
tskasa,1
dvorchak,1
ludwig,1
lamar,1
sylvain,1
runberg,1
markian,1
sich,1
kazurou,1
julitta,1
korol,1
bardot,1
spotswood,1
goldscheider,1
skye,1
baris,1
rabott,1
dimatteo,1
wivel,1
toms,1
rochfort,1
huffman,1
sagar,1
rahalkar,1
colburn,1
aco,1
jagger,1
turk,1
mchugh,1
liv,1
zander,1
dapharoah,1
vovan,1
hernon,1
shawna,1
rodenberg,1
kimbell,1
brunswick,1
gunhus,1
khufu,1
pasetto,1
sprague,1
celeste,1
hankerson,1
tolleson,1
otradiny,1
langan,1
borat,1
sagdiyev,1
hidetaka,1
nishiyama,1
katsumi,1
poulsen,1
armstrong,1
cynova,1
marya,1
taneum,1
bambrick,1
roscoe,1
camden,1
clemenceau,1
beall,1
lovett,1
earles,1
dobkin,1
weishaupt,1
edwidge,1
susana,1
danticat,1
carsten,1
draheim,1
ridenour,1
hoyle,1
putnam,1
vancura,1
cassian,1
joann,1
sfar,1
sanbe,1
deepak,1
mandala,1
rodrigo,1
jucha,1
gord,1
rollo,1
krantz,1
frilingos,1
balicki,1
inosanto,1
hartsell,1
sandi,1
fellman,1
melo,1
cussins,1
lafcadio,1
hearn,1
jina,1
bacarr,1
saudek,1
lowery,1
jermnine,1
demouchette,1
sim,1
nunez,1
shadwick,1
keithley,1
boost,1
riezinger,1
khawaja,1
haber,1
benamin,1
ohishi,1
terra,1
ohlenkamp,1
takhiko,1
lefleur,1
gillaspie,1
renner,1
pell,1
delano,1
wikipedia,1
lay,1
gillin,1
silverstein,1
ean,1
szabo,1
omri,1
lev,1
bar,1
inzana,1
gillespie,1
lizzy,1
annemarie,1
miodownik,1
amnesty,1
kehrer,1
reisz,1
gillard,1
tori,1
theia,1
siobhan,1
zariya,1
carlisle,1
matin,1
occupytheweb,1
per,1
hilal,1
chouman,1
dannaye,1
parr,1
petrocelli,1
hassine,1
gilot,1
hellmuth,1
wilbert,1
rideau,1
aw,1
marecki,1
broadwater,1
correra,1
lowen,1
padberg,1
sierra,1
not,1
pasols,1
constance,1
curry,1
allowed,1
trulson,1
benrick,1
lesy,1
seville,1
stade,1
mendelsund,1
phat,1
phree,1
shepley,1
tabor,1
crosby,1
harms,1
cruickshank,1
rossy,1
teagan,1
baham,1
rubenhold,1
mcclairne,1
thandeka,1
mccormic,1
kallestar,1
akiyama,1
viguell,1
mariah,1
leni,1
rienfenstahl,1
shirazi,1
pratchett,1
kissel,1
trueba,1
haddish,1
rashee,1
felisberto,1
echenique,1
theorod,1
persico,1
nadzam,1
esposti,1
idanna,1
pucci,1
argus,1
fritscher,1
mewshaw,1
scaletti,1
legaspi,1
norrell,1
donne,1
karr,1
colovini,1
zuiker,1
esslinger,1
nakajima,1
cavin,1
fabio,1
zeri,1
karan,1
pietro,1
marani,1
giovann,1
grange,1
frere,1
kravitz,1
dowman,1
bessler,1
emmanuel,1
markovitz,1
takeshi,1
roberge,1
figabomba,1
zackheim,1
wallechinsky,1
sheindlin,1
rosenzwieg,1
silberman,1
hawking,1
geniale,1
weidman,1
lochlainn,1
pennell,1
atcheson,1
christa,1
realigion,1
seabrook,1
zinn,1
barskaya,1
kirstein,1
mashurnao,1
jyuubaori,1
aubyn,1
salvo,1
bhaskar,1
bhattacharyya,1
dianne,1
maurizio,1
ferrera,1
blutch,1
treacy,1
stepan,1
lipkin,1
pederson,1
erwin,1
blumenfeld,1
knopf,1
gutmann,1
blackwell,1
kobre,1
giobbi,1
lindbergh,1
servera,1
spada,1
hujar,1
gowland,1
tieri,1
jenesi,1
polia,1
kjersti,1
andvig,1
corder,1
gurewitch,1
stavish,1
tarr,1
swanson,1
jolanda,1
reider,1
prudden,1
goffard,1
busuttil,1
caballero,1
townsend,1
yurman,1
liscio,1
tya,1
tae,1
ulyatt,1
raschke,1
woodrell,1
weiermair,1
tietz,1
timea,1
nagy,1
naduki,1
geltser,1
koujima,1
lefkowitz,1
bockenhauer,1
kulaszka,1
gentili,1
geiss,1
iwaaki,1
amal,1
rafik,1
annah,1
hizuke,1
palindrome,1
anti,1
hazim,1
gaber,1
weiss,1
hitoshi,1
mizeski,1
augusto,1
anaya,1
nevelyn,1
creed,1
grady,1
hendrix,1
jerwa,1
bec,1
donatella,1
mazzoleni,1
mccullock,1
depaulis,1
waite,1
kola,1
wimberly,1
wallack,1
argentini,1
bockhain,1
sabo,1
llc,1
dunlap,1
ruditis,1
yerimyah,1
yisrael,1
fix,1
mclennan,1
terrell,1
tisato,1
cohan,1
lurlene,1
mcdaniel,1
grosser,1
latanya,1
defreitas,1
normanjon,1
felps,1
sowell,1
tolstoi,1
golding,1
collings,1
colegrave,1
arturo,1
reverte,1
sutcliffe,1
eng,1
algore,1
hallet,1
ware,1
corderio,1
bach,1
medoff,1
alessandra,1
hennig,1
beckah,1
mcqueen,1
oss,1
pryor,1
brower,1
grecian,1
whitwell,1
achilli,1
vorpagel,1
evjen,1
michaelbrent,1
tsai,1
peppe,1
arnoldi,1
stacks,1
ernst,1
wylde,1
jeet,1
bibra,1
villefranche,1
kune,1
sankofa,1
zulu,1
ba,1
guarnaccia,1
hutchins,1
kenson,1
konstam,1
titi,1
ladette,1
wilfred,1
kyoko,1
sale,1
vellekoop,1
archie,1
dickens,1
knorr,1
amelia,1
guillem,1
brilliant,1
heiney,1
mchale,1
becnel,1
nielson,1
smiley,1
beatriz,1
chadour,1
frantzis,1
daniela,1
brambilla,1
tc,1
zakk,1
fradd,1
shuldiner,1
fo,1
tricia,1
mags,1
hull,1
jaetene,1
serrett,1
yuichi,1
hiiragi,1
stolley,1
taveras,1
cavanah,1
uelsmann,1
khara,1
silvestra,1
bietoletti,1
rosamond,1
hindle,1
wittkop,1
spurr,1
oswald,1
paramonov,1
naughton,1
lampoon,1
bendavid,1
cowper,1
nfpa,1
dearinger,1
medda,1
xyz,1
liddell,1
mcelhinney,1
kenny,1
manshel,1
ai,1
yazawa,1
ecott,1
kreceda,1
gardell,1
abzub,1
mullane,1
johannes,1
wilm,1
veretta,1
cobler,1
samuels,1
crommelin,1
amie,1
harwick,1
inkeles,1
martinie,1
mattias,1
bernie,1
zilbergeld,1
kodak,1
oggy,1
yordanov,1
katharina,1
bosse,1
ruschemeyer,1
dietmar,1
kandis,1
friedler,1
fildor,1
kylee,1
morvan,1
rothenstein,1
detective,1
houpt,1
kenda,1
celine,1
delavaux,1
kading,1
unglo,1
wilfried,1
kaute,1
prayukvong,1
mcausland,1
dudley,1
nguten,1
bonner,1
quesada,1
cornella,1
inman,1
mccully,1
zlozower,1
atwell,1
lapin,1
schwab,1
leroi,1
phelim,1
sharenow,1
hartman,1
mcaleer,1
walde,1
recha,1
peay,1
heim,1
riichi,1
tompkins,1
rw,1
devid,1
rosmond,1
armand,1
puma,1
swede,1
falguni,1
kothari,1
cahill,1
shantay,1
daview,1
furuhashi,1
palazzi,1
ayers,1
brecht,1
even,1
sabuda,1
jian,1
coco,1
fusco,1
healy,1
eggers,1
kolb,1
akikan,1
tolot,1
crumley,1
upright,1
grover,1
govier,1
arewa,1
fishler,1
palestine,1
ida,1
hellmann,1
ramus,1
chika,1
unigwe,1
geraldine,1
kudaka,1
girodias,1
earle,1
moraes,1
gumbel,1
carleton,1
galbraith,1
klinger,1
guptill,1
coachae,1
faramerz,1
dabhoiwala,1
palencar,1
nikoli,1
batman,1
alton,1
du,1
urman,1
ying,1
ryer,1
eeden,1
dodson,1
komisaruk,1
fushimi,1
lovelace,1
hardin,1
kurotaki,1
shanna,1
risk,1
miyata,1
burker,1
gillian,1
terrie,1
ned,1
kenni,1
elysia,1
nancey,1
aviva,1
yael,1
parsel,1
watch,1
metzger,1
gaar,1
noda,1
luerssen,1
sarine,1
warne,1
chippendale,1
pharr,1
hassinger,1
beattie,1
ligotti,1
whitley,1
strieber,1
carrie,1
redzepi,1
ogilvy,1
bass,1
captain,1
bienenstock,1
flach,1
lacoste,1
pohlen,1
lilliann,1
faderman,1
gable,1
wisechild,1
kristensen,1
kessler,1
cypret,1
patrizio,1
kroyani,1
takuma,1
ochsenbauer,1
lemon,1
martineau,1
holliday,1
sunrise,1
cea,1
otis,1
hendrickson,1
famous,1
bou,1
cabarga,1
jerniqua,1
somphone,1
harden,1
blaine,1
printed,1
oksana,1
kallir,1
edinger,1
presents,1
gainer,1
somarj,1
beach,1
bordum,1
kiessler,1
dover,1
abc,1
pictorial,1
personal,1
kiriakou,1
tennant,1
byatt,1
skira,1
strassman,1
reiss,1
beavers,1
desilva,1
mort,1
lapatit,1
drizzt,1
legen,1
shaquell,1
mcdermid,1
lafleur,1
hieronymus,1
mini,1
teicher,1
raab,1
selwyn,1
winant,1
amiott,1
destiney,1
jacoba,1
starla,1
westhoff,1
ashford,1
crichton,1
dungeons,1
be,1
instruction,1
order,1
scarlet,1
berryl,1
drader,1
cagle,1
noonan,1
papadakis,1
so,1
can,1
alliana,1
nasty,1
tatto,1
autum,1
laverick,1
sarai,1
yardley,1
goewey,1
zariga,1
grail,1
booklet,1
charlaine,1
faudet,1
dynamic,1
bei,1
suke,1
yaro,1
kono,1
volumen,1
cipollini,1
kaylie,1
smoak,1
planning,1
edge,1
ikisembi,1
tour,1
drumgoole,1
spear,1
berlin,1
spiro,1
clements,1
sanford,1
hilden,1
eda,1
gathering,1
dragons,1
dicke,1
crane,1
ex,1
ballew,1
jolli,1
security,1
privacy,1
ultimate,1
horan,1
basso,1
munroe,1
whittier,1
misti,1
pomfret,1
zavo,1
afri,1
ilona,1
belfon,1
want,1
jerrell,1
bergen,1
dorer,1
mellem,1
leod,1
marilynn,1
stickers,1
patriarchy,1
bainfalvi,1
watro,1
antal,1
astyk,1
romance,1
taboo,1
jacquard,1
cars,1
bumper,1
hyman,1
goldsberg,1
rastello,1
crips,1
founder,1
about,1
fifth,1
prez,1
dead,1
stic,1
asain,1
shimesabe,1
tweten,1
pinup,1
bodmer,1
carella,1
micahel,1
vacation,1
mccarty,1
gaia,1
koehler,1
irish,1
illustrations,1
rowe,1
cache,1
oriana,1
ayana,1
up,1
blevins,1
kingsmith,1
lamplight,1
rockhard,1
teashon,1
debbie,1
lemasters,1
maldonado,1
horjus,1
fauci,1
maren,1
bugliosi,1
vicent,1
cortez,1
gunnarsson,1
grigsby,1
danger,1
lyza,1
schmaltz,1
kasper,1
kid,1
robertie,1
icon,1
deiterrebman,1
zierl,1
oluf,1
mithras,1
laran,1
rumble,1
peligro,1
holy,1
top,1
brotherhood,1
figes,1
pridgen,1
tyjuane,1
hacking,1
thief,1
ninja,1
slimani,1
brookeave,1
nite,1
sobell,1
oxendine,1
breaux,1
dawley,1
delores,1
entire,1
paajanen,1
shemeeka,1
wish,1
wyche,1
grow,1
recorded,1
parts,1
kenry,1
reiter,1
flynt,1
fleming,1
einhorn,1
sobin,1
denham,1
hillary,1
watty,1
imagery,1
conder,1
darcey,1
orthodox,1
fonts,1
ethiopian,1
ludlum,1
pans,1
sylvie,1
dollez,1
cahier,1
corbin,1
masterworks,1
instructions,1
covers,1
keramet,1
america,1
straub,1
kreps,1
mcdougal,1
litwack,1
lhinton,1
cauldwell,1
wesson,1
lamothe,1
jand,1
calabria,1
kashif,1
eros,1
hassan,1
elbroch,1
streete,1
ripley,1
touhy,1
gannell,1
willard,1
brecher,1
lenox,1
sheerer,1
wethern,1
rn,1
gimian,1
msn,1
soze,1
keyser,1
georges,1
mckens,1
lindland,1
carly,1
nesta,1
wiigut,1
dolly,1
winterhalder,1
freed,1
rosenburg,1
lucky,1
cavazos,1
lia,1
mchelle,1
swierczynski,1
veno,1
batchford,1
coopaj,1
bettelheim,1
fabro,1
amun,1
prostate,1
marley,1
brozek,1
almeida,1
bira,1
bubas,1
fantasies,1
re,1
resenatum,1
nysu,1
dumont,1
koener,1
toro,1
albahari,1
crime,1
tameche,1
traymond,1
walterio,1
gemmell,1
library,1
vigor,1
buchverlag,1
joaquim,1
mcnamee,1
mastbaum,1
bradshaw,1
jery,1
dasaunt,1
pinnhofer,1
angelika,1
vivant,1
netta,1
kominsky,1
edwina,1
ody,1
texxe,1
figueira,1
daurius,1
cask,1
niceguy,1
esoteric,1
rodrigues,1
faith,1
erotika,1
bridgeman,1
erlach,1
devil,1
dkpublishing,1
redheads,1
brunettes,1
castille,1
oropollo,1
luera,1
downs,1
globe,1
investigative,1
lola,1
chikering,1
exotic,1
coward,1
burkett,1
towers,1
shore,1
mounce,1
templeton,1
herneandez,1
gerhring,1
sipchen,1
asian,1
latina,1
lissenden,1
arandez,1
hilaru,1
onello,1
course,1
boxing,1
week,1
portable,1
havill,1
boink,1
lavell,1
blueprint,1
reggie,1
beyond,1
tookie,1
simms,1
ridah,1
wingrove,1
struart,1
haymon,1
chepesuik,1
chesterfield,1
numerology,1
sons,1
kansas,1
mace,1
kowalski,1
piotr,1
conference,1
aug,1
committee,1
literature,1
bb,1
vronsky,1
redstall,1
myrdhin,1
sexy,1
seale,1
ressa,1
ohta,1
munyu,1
schweitzer,1
etal,1
krentz,1
templin,1
wasdin,1
river,1
street,1
roxane,1
masazumi,1
ano,1
mauricio,1
vilanova,1
guiu,1
schnepp,1
lanier,1
linehan,1
naruco,1
hanaharu,1
natori,1
grimoire,1
godde,1
diet,1
workbook,1
wilkins,1
okerri,1
bolt,1
combat,1
augmentation,1
chrome,1
dambre,1
kiedia,1
sciortino,1
lerman,1
jacoby,1
radclyffe,1
learner,1
tobsha,1
behlim,1
shabbir,1
lei,1
shifu,1
matthes,1
made,1
kogitsune,1
custom,1
goddesses,1
football,1
fantasy,1
alverez,1
ememigo,1
scherz,1
radisic,1
amis,1
sonnabend,1
kenekiru,1
richie,1
starbuck,1
franny,1
summerland,1
montecito,1
santa,1
goleta,1
katee,1
wilber,1
tolley,1
thorson,1
cates,1
delacy,1
skylar,1
ryman,1
kiyosaki,1
rax,1
cydney,1
foundation,1
hanuman,1
oliff,1
hetrick,1
karley,1
zuromskis,1
augus,1
ladawn,1
pimpn,1
presentation,1
coretta,1
nedjma,1
nezhadpornia,1
perterson,1
badwater,1
rattigan,1
aynesworth,1
packet,1
kholeif,1
learning,1
paschall,1
caliguri,1
bianchini,1
deva,1
parson,1
maguire,1
schvvaab,1
chai,1
biddlecombe,1
myrna,1
mackie,1
lamont,1
bourjaily,1
tale,1
cuck,1
send,1
never,1
manual,1
boook,1
fears,1
waynes,1
ronyea,1
sears,1
omnibus,1
keon,1
middleton,1
blachford,1
tales,1
kinky,1
albany,1
monahan,1
bevere,1
chuckrow,1
unearthed,1
sy,1
steward,1
wars,1
clone,1
legacy,1
unleashed,1
portfolio,1
swimsuit,1
exposure,1
bish,1
ferria,1
antwain,1
rebellion,1
ulsh,1
trease,1
garden,1
vixens,1
vibrant,1
marcelis,1
taylder,1
screaming,1
california,1
regions,1
scum,1
arcana,1
costello,1
lunsford,1
solitary,1
survival,1
enyart,1
three,1
richelle,1
murdoc,1
dreben,1
rueda,1
dumela,1
villainy,1
hop,1
hip,1
moels,1
hated,1
most,1
vado,1
jaci,1
izzy,1
ridgers,1
luigi,1
renown,1
olfgang,1
xxvii,1
sexxxploits,1
sinful,1
xxxxix,1
married,1
adventures,1
door,1
back,1
xxxxiii,1
xxxix,1
ix,1
xxxxviii,1
xii,1
xxxxii,1
gone,1
xxxxi,1
xvi,1
xx,1
xix,1
xi,1
xxxvii,1
vii,1
xxiv,1
xxxiv,1
hollington,1
zahir,1
hatsis,1
lashay,1
katherinturman,1
wiederhorn,1
soderlind,1
vollers,1
nolan,1
millswan,1
keeble,1
mine,1
llywelyn,1
revenge,1
beginning,1
on,1
sexxx,1
xxxxvii,1
cougars,1
milfs,1
yours,1
viii,1
xxxvi,1
narcotics,1
tawana,1
hirokazu,1
yamaki,1
halevi,1
shimon,1
juxtapoz,1
coloring,1
campesato,1
presto,1
hiratri,1
author,1
moyler,1
kluemper,1
hatter,1
alasair,1
training,1
professional,1
stokes,1
sadun,1
career,1
statford,1
kanazawa,1
mosley,1
xxi,1
reprinted,1
xxii,1
xxxx,1
xxx,1
xxxv,1
xiii,1
xxxxiv,1
gaddard,1
bramley,1
pod,1
nixion,1
muse,1
spring,1
dunne,1
nerdrum,1
odd,1
vietnamese,1
bible,1
gioimoi,1
bandich,1
rico,1
treasury,1
misuki,1
races,1
gast,1
shannan,1
bishop,1
roni,1
oslo,1
tome,1
aadler,1
larue,1
boone,1
tyndale,1
radermacher,1
eleventh,1
chronicler,1
ritland,1
materials,1
tools,1
primitive,1
make,1
carlla,1
fajuri,1
gabe,1
galloway,1
karla,1
ottessa,1
desk,1
fax,1
cathryn,1
compendium,1
dogs,1
beborah,1
bunyan,1
variation,1
xxxi,1
xxvi,1
sixth,1
baur,1
lawlor,1
kojima,1
goseki,1
guderian,1
general,1
writings,1
essential,1
johnnie,1
puffer,1
moshfegh,1
belverd,1
kajala,1
misha,1
heimann,1
csatari,1
wisdom,1
male,1
balthasar,1
urs,1
cardinal,1
afterword,1
glenny,1
huson,1
shindo,1
danaher,1
renzo,1
popovic,1
authorhouse,1
twyla,1
jung,1
dunin,1
stetson,1
albarus,1
mariani,1
settlers,1
streetz,1
graetz,1
card,1
greeting,1
personalized,1
waterman,1
peoples,1
skin,1
team,1
show,1
pitcher,1
titan,1
mythology,1
okum,1
dowdell,1
toppin,1
durrell,1
chauncey,1
snawden,1
internations,1
nationalism,1
proletariat,1
dohner,1
cröwell,1
mefestta,1
color,1
bradby,1
godbold,1
beggs,1
kumar,1
vijay,1
velu,1
guillobel,1
em,1
erefante,1
orenstein,1
piet,1
alsteens,1
ridout,1
deep,1
hijuelos,1
leddick,1
baer,1
gelestino,1
madden,1
mathilde,1
frye,1
hoebeke,1
fort,1
borbolla,1
elyot,1
thayer,1
scofield,1
mccauley,1
azzerello,1
haddad,1
bangs,1
skybound,1
sinnamon,1
krahn,1
cimmet,1
leta,1
wb,1
talens,1
brownstein,1
spivak,1
musume,1
soell,1
bluttman,1
shank,1
hopping,1
holli,1
gagne,1
tyers,1
denaud,1
frusin,1
faleena,1
flanagan,1
osami,1
language,1
living,1
brave,1
faulkner,1
pok,1
vivek,1
pik,1
masha,1
valenza,1
listed,1
efrain,1
melillo,1
yasohachi,1
km,1
naturalist,1
buchanan,1
ramachandran,1
kareema,1
rukis,1
suzamaru,1
gide,1
cleckner,1
angierstackpole,1
crosslin,1
besson,1
bhetti,1
mayo,1
caujuan,1
valente,1
pqube,1
ferrone,1
chotkowski,1
zed,1
trouble,1
morales,1
hanna,1
pawson,1
larrin,1
pirus,1
silberschatz,1
singletary,1
robinne,1
bazic,1
chuch,1
hands,1
phang,1
hui,1
loo,1
peeters,1
frederik,1
bethesda,1
products,1
bachmore,1
kershul,1
harding,1
tempe,1
lorraine,1
bauman,1
assa,1
denman,1
roshan,1
khim,1
pehov,1
bedell,1
izett,1
bernal,1
sil,1
willias,1
natsuo,1
duchamp,1
mckeehan,1
ja,1
yoshihara,1
yoshindo,1
hiroko,1
ruggero,1
saxon,1
nemecek,1
sumrerak,1
seanmichael,1
lytle,1
mistal,1
hirsch,1
kendrick,1
winthorpe,1
poxon,1
boye,1
alexey,1
villagan,1
overby,1
holland,1
junko,1
mandrake,1
olevska,1
glauso,1
showers,1
toenjes,1
farnsworth,1
halladay,1
mcharry,1
nally,1
callaway,1
mc,1
bellin,1
wilk,1
wherry,1
eleonora,1
mikkelsen,1
serranos,1
ucreate,1
tuttle,1
ccgrath,1
martelli,1
bobcat,1
camahort,1
finnerty,1
rashaan,1
shakir,1
franzel,1
klabnik,1
fuel,1
sorrell,1
annonymous,1
abdl,1
fine,1
luca,1
klinke,1
blanscet,1
scales,1
tilted,1
lani,1
palmerin,1
akenine,1
lundh,1
massaron,1
artist,1
sumino,1
forsay,1
lachance,1
switch,1
nintendo,1
haab,1
jocelynn,1
aya,1
swerdlow,1
nio,1
nakatani,1
suttle,1
kertzman,1
gerbert,1
pousson,1
milner,1
cleo,1
bemartino,1
lemmon,1
microids,1
psg,1
bouldrey,1
konard,1
hennessy,1
nicolai,1
lamarche,1
jokia,1
carlynne,1
updike,1
browne,1
ethan,1
woodward,1
mccreight,1
danielou,1
flyte,1
tabitha,1
reina,1
josuttis,1
basher,1
icc,1
housekeeping,1
malatesta,1
greenwald,1
ronkin,1
tawrell,1
grebenstein,1
mashiro,1
karim,1
topley,1
kelli,1
alazar,1
sull,1
nussey,1
schneier,1
electronic,1
kwan,1
guillou,1
nrman,1
symone,1
kelvin,1
kornfield,1
cramb,1
jpeach,1
jiwu,1
gao,1
poor,1
deal,1
figgis,1
shayla,1
oga,1
nudelman,1
horowitz,1
ravens,1
donnall,1
taguchi,1
spiral,1
savino,1
palahniux,1
telltale,1
telltalegames,1
huntington,1
mcwhorter,1
luecke,1
menzel,1
masayuki,1
court,1
chieng,1
genovese,1
mamgain,1
pradeep,1
glance,1
at,1
ubisoft,1
demarco,1
belleville,1
huff,1
atlay,1
yuro,1
langlais,1
kang,1
hoang,1
fulmen,1
reesse,1
naipaul,1
bosque,1
strictly,1
polin,1
sabin,1
pynchon,1
mcneill,1
duvert,1
zuri,1
cast,1
hr,1
crillo,1
hardman,1
holt,1
llyssa,1
salcescu,1
suk,1
meguru,1
perrin,1
nicholson,1
regine,1
fernanda,1
wilcox,1
casucci,1
kock,1
alli,1
komiya,1
toshimasa,1
shuel,1
karly,1
seto,1
fouquet,1
emmanual,1
steffen,1
karnowski,1
coomes,1
carley,1
kapur,1
manju,1
wine,1
isabelle,1
voorhees,1
whispers,1
ainana,1
ling,1
yue,1
maximus,1
pontifex,1
myrmydon,1
rajiv,1
yadu,1
meilach,1
dona,1
marvelous,1
sq,1
namco,1
bandai,1
skyes,1
magly,1
magdon,1
padriaige,1
kacey,1
ulriche,1
storeys,1
beekman,1
partbooks,1
london,1
ruthe,1
frissen,1
wesh,1
bella,1
konemann,1
wardee,1
ryczek,1
gibbs,1
ncees,1
batts,1
dubin,1
janine,1
walkenbach,1
bowen,1
rybandt,1
titus,1
won,1
sundance,1
grorge,1
kirkland,1
ashbless,1
parragon,1
youhei,1
jansen,1
beith,1
goodard,1
mimms,1
tumaini,1
jaba,1
shadrack,1
swinton,1
chaiton,1
tepper,1
sybil,1
frost,1
wepman,1
fraley,1
delle,1
brehan,1
hu,1
bin,1
fogelson,1
blanchard,1
antonakos,1
hess,1
eskens,1
binderman,1
bulfinch,1
ketan,1
capeci,1
mustain,1
lansdowne,1
andreas,1
chrysafis,1
spasov,1
kristi,1
groteke,1
leamon,1
patel,1
damman,1
castaneda,1
mertford,1
rossi,1
denis,1
boyles,1
iatomic,1
ahmariah,1
millswam,1
kerrisk,1
haney,1
schwartau,1
manger,1
fry,1
or,1
sde,1
hot,1
sex,1
earley,1
mallette,1
larratt,1
battersby,1
nadine,1
feral,1
litchtenfeld,1
mischima,1
buglioski,1
linedecker,1
didi,1
sgroi,1
scamray,1
mcclury,1
dimaio,1
alois,1
imi,1
nettleton,1
alerich,1
leavitt,1
mclaughlin,1
gelmine,1
nadon,1
mcquown,1
imogene,1
tanenbaum,1
deberg,1
kloster,1
aric,1
zev,1
tansel,1
sion,1
kitchen,1
brumbaugh,1
auvil,1
hillard,1
niederst,1
callihan,1
bortlein,1
haman,1
voloshin,1
byrnes,1
bradfield,1
dutton,1
stackpole,1
kramber,1
cardoza,1
smyrski,1
neelson,1
mladjenovic,1
cpa,1
sylvestor,1
karinch,1
fest,1
galante,1
heywood,1
wald,1
hoehler,1
kip,1
lioness,1
kamoroff,1
dre,1
ferllini,1
gerhardt,1
awde,1
wiley,1
pynk,1
carole,1
holtorf,1
mariano,1
fuller,1
pluto,1
cooley,1
vandamere,1
homeowner,1
creative,1
buhtz,1
bigelow,1
presley,1
swindle,1
raphel,1
morrisey,1
nalebuff,1
avinash,1
dixt,1
ning,1
chin,1
oliveti,1
gonzo,1
dresbold,1
varga,1
peebles,1
keating,1
kupers,1
niccolo,1
machiavelli,1
dyme,1
kasser,1
seabourne,1
chel,1
chenier,1
consumer,1
khama,1
charriere,1
merts,1
whitesell,1
aarye,1
ginal,1
soverville,1
coats,1
warr,1
christianson,1
holms,1
kimathi,1
schecter,1
sf,1
sergey,1
mavrody,1
knightmare,1
historical,1
gilbey,1
reskind,1
wiserman,1
carrs,1
sintes,1
mayfair,1
enaharo,1
saral,1
burrough,1
frauenfelder,1
huey,1
rockis,1
bulletin,1
americans,1
plachy,1
khari,1
clerabat,1
wensley,1
yasumura,1
gayley,1
farda,1
hyde,1
puckette,1
madeline,1
ashwood,1
blindauer,1
kait,1
altay,1
gallimore,1
studios,1
engelgreif,1
pm,1
moleskine,1
workshop,1
shenk,1
winners,1
sphie,1
giuong,1
ahnhem,1
silvio,1
ansari,1
mellisa,1
ecclestone,1
herbeck,1
taranov,1
elvin,1
allazov,1
news,1
video,1
candela,1
pitney,1
adrain,1
weale,1
kinney,1
hamer,1
nuh,1
transportation,1
incarcerated,1
prisoners,1
gaddam,1
ogi,1
ogas,1
mastin,1
buffett,1
silvestroni,1
dod,1
pincus,1
coppolillo,1
himel,1
showalter,1
gena,1
skarbek,1
division,1
private,1
andersen,1
rainieri,1
caelum,1
chauvin,1
gym,1
hagin,1
vollmann,1
argeneua,1
kiyoshiro,1
cero,1
weissman,1
hartsuyker,1
linnea,1
schumer,1
fica,1
wisniewski,1
leather,1
guillaume,1
geig,1
mladinich,1
messing,1
whalen,1
mckeogh,1
hecht,1
stefanyk,1
harron,1
eyssartier,1
colonel,1
roseanne,1
choquette,1
martell,1
newmefitness,1
kinkade,1
spraul,1
projekt,1
satake,1
kousuke,1
montillo,1
andrey,1
naval,1
clarkson,1
nashelsky,1
kotsias,1
mad,1
haki,1
hubuti,1
malcom,1
cindy,1
combs,1
stillwell,1
graf,1
boylestad,1
binder,1
slone,1
mullin,1
islamic,1
global,1
belbenoit,1
vandorne,1
vivien,1
spitz,1
sutin,1
prometheus,1
helman,1
association,1
littman,1
hallinan,1
guild,1
leovy,1
information,1
ministry,1
corcoran,1
dees,1
jossel,1
jonahtan,1
kisor,1
rampling,1
meade,1
lyle,1
genge,1
quenton,1
antwone,1
whaley,1
weinreb,1
yau,1
bills,1
bignell,1
read,1
personnel,1
barney,1
holzner,1
liberty,1
clouse,1
mcelroy,1
aldous,1
huxley,1
louisa,1
lita,1
amos,1
rosset,1
layden,1
frantz,1
fanon,1
herb,1
laviana,1
potter,1
wenti,1
coulter,1
wilton,1
lexy,1
coffey,1
kobler,1
burnstein,1
michigan,1
dm,1
giangreco,1
jayz,1
latimer,1
baden,1
senker,1
martini,1
cunton,1
huang,1
valdes,1
brynes,1
maupassant,1
chancellor,1
wrixon,1
windsor,1
billig,1
quingshan,1
pelzer,1
guervara,1
associates,1
tarrant,1
mob,1
debts,1
paoli,1
carmine,1
clemente,1
malerie,1
marder,1
albertine,1
obraznost,1
banality,1
toivenon,1
morin,1
greeley,1
barcsay,1
nascimbene,1
samarat,1
bhoopli,1
picano,1
crouch,1
mariner,1
inge,1
hegeler,1
swezey,1
saladin,1
jeno,1
lira,1
restif,1
udelson,1
dorling,1
kindersley,1
oglesbee,1
yamatogawa,1
ensler,1
amen,1
anglas,1
gabriella,1
bretonne,1
zdrok,1
zag,1
zig,1
weyermann,1
juno,1
erskine,1
clara,1
kadrey,1
foulk,1
brandewyne,1
peggy,1
jeral,1
hiddinga,1
elyce,1
radzinsky,1
andersson,1
ames,1
blume,1
alchemygothic,1
radu,1
vero,1
brands,1
landau,1
wakerman,1
fabbri,1
gaku,1
homma,1
crimp,1
weiwei,1
gruen,1
bretecher,1
sirois,1
brownmiller,1
raysor,1
edvard,1
klein,1
tidwell,1
murdoch,1
maresca,1
simi,1
razor,1
babb,1
danziger,1
erdoes,1
burdan,1
freidel,1
blayre,1
lagardere,1
salisbury,1
gianni,1
sarcone,1
neiwert,1
hjortsberg,1
markman,1
kieran,1
brotherton,1
cuvie,1
ozeki,1
sestayo,1
quigley,1
shimizu,1
octavio,1
shumsky,1
perrone,1
reitz,1
loengard,1
noll,1
liza,1
kirwin,1
bozza,1
preble,1
ocampo,1
farnell,1
rojl,1
haywood,1
harcourt,1
jovanovich,1
lovers,1
tattoos,1
weintraub,1
girotto,1
hof,1
aarons,1
khave,1
inkles,1
madlock,1
he,1
jinghan,1
cristy,1
storming,1
halperin,1
toht,1
natty,1
soltesz,1
chesman,1
drago,1
khurt,1
abouet,1
enz,1
napoleon,1
pepin,1
roojen,1
shag,1
whitting,1
meeink,1
dubay,1
suydam,1
misael,1
paxton,1
mucha,1
sandor,1
nada,1
mirat,1
pogany,1
rood,1
bisio,1
kerslake,1
hauffe,1
alphonse,1
hatt,1
koufay,1
langdon,1
farthing,1
erb,1
maybin,1
elke,1
buchholz,1
cumming,1
coggins,1
byam,1
mangwiza,1
gennadiy,1
jara,1
denchasy,1
roca,1
liam,1
bestley,1
roetter,1
register,1
tapang,1
finger,1
burg,1
pelaez,1
grushkin,1
godmachine,1
maxx,1
mallanaga,1
vatsysyana,1
hul,1
hottinger,1
suehiro,1
maruo,1
capullo,1
scharf,1
geavonnie,1
trautman,1
tito,1
sapp,1
savana,1
wunderle,1
air,1
ketcham,1
abe,1
daubi,1
coker,1
hodari,1
cheo,1
casssell,1
sellers,1
baldassarre,1
gregori,1
mina,1
rtorouji,1
wm,1
pavitt,1
kleist,1
syra,1
mcevoy,1
samson,1
silverstroni,1
lindbloom,1
stoned,1
akino,1
immler,1
flaherty,1
colm,1
chunna,1
calloway,1
schmader,1
cort,1
mallo,1
pushies,1
harumi,1
hei,1
mutagim,1
jalil,1
mcginley,1
kirman,1
asatru,1
steffens,1
keiser,1
pages,1
schumacher,1
gunner,1
wirth,1
baskin,1
pawlett,1
milnes,1
her,1
burghard,1
ekeroth,1
cove,1
kaleb,1
stackpool,1
caws,1
eskridge,1
dontre,1
editted,1
jong,1
flectcher,1
pratcher,1
deyon,1
vah,1
mitz,1
taiki,1
gm,1
yand,1
moda,1
skoczen,1
aryan,1
autumn,1
szereto,1
mitzi,1
pollard,1
armitage,1
ashe,1
haldeman,1
society,1
renaissance,1
mock,1
darvanni,1
bergeron,1
editers,1
mirza,1
zaynab,1
sloss,1
scarabeo,1
maquire,1
pranaitis,1
autonomy,1
kaldera,1
doc,1
allende,1
bastien,1
silvester,1
battenberg,1
cesar,1
preciado,1
datz,1
conot,1
inu,1
jaycee,1
dugard,1
vives,1
ericka,1
quindlen,1
ferrer,1
weekes,1
astor,1
brandilyn,1
bridge,1
trina,1
medico,1
pettit,1
itosugi,1
rosenblum,1
bryace,1
carpentar,1
ricciardi,1
toledano,1
ettagale,1
blauer,1
coover,1
sovatsky,1
rakesh,1
sondhi,1
misstear,1
keltie,1
chesler,1
cam,1
cloud,1
holloway,1
arabella,1
mic,1
eberle,1
dewey,1
barnaby,1
isla,1
harker,1
hoggett,1
inmate,1
draper,1
keir,1
fredrickson,1
dena,1
kleiman,1
borchgrave,1
pence,1
kubrick,1
kamachi,1
sudell,1
richey,1
tuccillo,1
campt,1
thiemann,1
grogan,1
pond,1
gardan,1
semencic,1
judie,1
aivahara,1
moschos,1
mcmurray,1
cope,1
gerem,1
koya,1
breanna,1
peach,1
hylton,1
parkinson,1
jerhonda,1
willem,1
thouars,1
chanel,1
garvin,1
standage,1
flame,1
suzannah,1
lipscomb,1
bates,1
schappert,1
ana,1
amirpour,1
danaan,1
roxann,1
larrison,1
shujin,1
peterkin,1
hotwife,1
yusef,1
konner,1
ovenden,1
talley,1
mim,1
pang,1
jeng,1
wile,1
watman,1
udo,1
komunyakaa,1
grosenick,1
shigemitsu,1
harada,1
ildefonso,1
falcones,1
lovejoy,1
mille,1
akila,1
boray,1
witting,1
mitidieri,1
soo,1
hornberger,1
lacombe,1
ghose,1
farren,1
glodstein,1
moenks,1
sievert,1
dupouy,1
mcfee,1
coolidge,1
worrall,1
lidia,1
fung,1
yuknavitch,1
fido,1
moriyama,1
ole,1
wittmann,1
louboutin,1
mcmahon,1
sutherland,1
roxanne,1
kan,1
agustin,1
simone,1
lieberman,1
shaunn,1
aryande,1
celbridge,1
radley,1
balko,1
nicieza,1
lospinoso,1
mcandrew,1
cloonan,1
tl,1
kratman,1
tad,1
fonseca,1
slade,1
bruder,1
hagberg,1
sacco,1
miz,1
messenlehner,1
miranda,1
marian,1
annandale,1
arcos,1
wiest,1
kander,1
jaffe,1
spike,1
schutze,1
eberhard,1
bonsanti,1
gash,1
jarrod,1
shanahan,1
chloe,1
stieglitz,1
fenton,1
danko,1
veare,1
lanesha,1
buggs,1
deniram,1
behrens,1
gesell,1
gibb,1
moushumi,1
swin,1
bagge,1
robichaux,1
aleatha,1
romig,1
dijan,1
springora,1
kulm,1
margalit,1
dillingham,1
gala,1
fur,1
halford,1
azolakov,1
sommers,1
kingpen,1
gilbreath,1
un,1
panda,1
heal,1
balls,1
xxxavier,1
krivich,1
fanes,1
wanzo,1
widup,1
lauder,1
jover,1
hodgson,1
slowinski,1
zellner,1
haskins,1
valeria,1
ruelas,1
tower,1
velda,1
seiter,1
shahverdyan,1
coallier,1
pier,1
dola,1
reade,1
newhouse,1
greenaway,1
meadows,1
charissa,1
ani,1
tudor,1
chapple,1
ethridge,1
panter,1
boorman,1
sperry,1
kehr,1
metzner,1
hassett,1
tigre,1
mcmullan,1
pinol,1
cheyna,1
frazer,1
pellegrini,1
grid,1
streatfeild,1
bermudez,1
quynh,1
thi,1
lan,1
romano,1
schulner,1
luci,1
gurney,1
nagoski,1
buhagiar,1
bugler,1
docter,1
muye,1
tongji,1
jinx,1
echanis,1
gillette,1
mackay,1
wardeh,1
reardon,1
samuelson,1
schiftan,1
albrecht,1
durer,1
karrlander,1
hrisoulas,1
dockery,1
haskew,1
dez,1
skinn,1
dania,1
puig,1
holley,1
rapp,1
viz,1
hedley,1
alac,1
waldman,1
ebert,1
huge,1
tawny,1
lorraie,1
bonney,1
steadman,1
mcdonough,1
kutac,1
cantor,1
schuman,1
lynne,1
vallone,1
balun,1
landrey,1
klaw,1
josey,1
vogels,1
volpe,1
leboyer,1
jordyn,1
toast,1
setona,1
alexandria,1
goran,1
farrere,1
pattison,1
yoshua,1
barak,1
hiroe,1
stallworth,1
ata,1
alpert,1
bozaci,1
clief,1
blatchford,1
witherow,1
smalls,1
yuki,1
tabata,1
arogundade,1
soles,1
kornacki,1
fodor,1
fior,1
dimond,1
ra,1
koh,1
braidhill,1
teddy,1
jodie,1
holden,1
juhea,1
hasty,1
zita,1
reverend,1
garbasz,1
helfer,1
shafi,1
choudhury,1
samurai,1
eldot,1
paniccia,1
lemire,1
porco,1
banksy,1
chapkis,1
yishay,1
doisneau,1
jasper,1
strom,1
withrow,1
duplechan,1
christiana,1
coben,1
sobieszek,1
hibbard,1
gundle,1
mcbride,1
zemeckis,1
herrera,1
phillis,1
wein,1
jewell,1
cioletti,1
harman,1
hautala,1
mavor,1
una,1
faulks,1
balark,1
manuele,1
chunovic,1
till,1
smokin,1
guttentag,1
fronia,1
wissman,1
rozenbaum,1
ljiljana,1
blass,1
tysha,1
holger,1
borchert,1
durant,1
lau,1
bowe,1
naphy,1
tormey,1
zana,1
briski,1
tra,1
verdejo,1
asimov,1
gotay,1
sasso,1
rui,1
kunath,1
gong,1
woodard,1
slava,1
mccorquodale,1
sarena,1
dallas,1
belew,1
micheline,1
marcom,1
wheatley,1
danna,1
stover,1
orzel,1
spiegelman,1
rabben,1
pillitz,1
streib,1
gerani,1
merla,1
abagnalo,1
strathern,1
takato,1
ransom,1
myster,1
haus,1
maroh,1
maragarete,1
falkensee,1
kinzbach,1
sims,1
asuka,1
lyfe,1
guran,1
lafferty,1
mifflin,1
smead,1
blajos,1
cogman,1
katkov,1
minya,1
oh,1
ziemba,1
canales,1
reverdy,1
nevada,1
anatomica,1
kendal,1
kestrel,1
dobbs,1
goth,1
regier,1
dowling,1
spare,1
lidell,1
tarver,1
elison,1
gwendolyn,1
innes,1
pease,1
lauffray,1
melville,1
kouhei,1
kadono,1
bunn,1
gunther,1
hagens,1
rother,1
gellynck,1
goerge,1
entrepreneur,1
strutzman,1
ebsenstein,1
ciruelo,1
cabral,1
bealer,1
dembski,1
shirakome,1
melcher,1
cintron,1
zillner,1
schwengel,1
metzler,1
suio,1
swanner,1
asafo,1
chuma,1
safir,1
bohrer,1
temple,1
alvardo,1
linsay,1
romboli,1
posada,1
nicklaus,1
iolanda,1
heiman,1
prasac,1
grahame,1
toffoki,1
angrill,1
calbo,1
muntsa,1
dragon,1
stracczynski,1
lopiccolo,1
avalon,1
acadoo,1
grray,1
komboa,1
canty,1
belkin,1
richfield,1
heartney,1
revolution,1
ryder,1
zeek,1
zanfardino,1
storr,1
sakae,1
harku,1
nero,1
filles,1
zenon,1
neila,1
lehman,1
leone,1
dimez,1
rhymes,1
yorkey,1
naranjo,1
ritchin,1
mergagila,1
soundry,1
ceo,1
alvererz,1
tahl,1
raz,1
voss,1
vae,1
victis,1
malolm,1
ammonite,1
garb,1
ronin,1
tamar,1
lewison,1
shifflett,1
aosa,1
tsunemi,1
keitoru,1
angie,1
finn,1
areil,1
ramos,1
natascha,1
darick,1
limm,1
gerrie,1
gurstelle,1
isumi,1
mitsu,1
shariff,1
plantinga,1
keamusch,1
wiesch,1
esuno,1
basant,1
cissp,1
aobe,1
mahito,1
picozzi,1
massimo,1
darryll,1
lugo,1
crist,1
corona,1
aikawa,1
cowen,1
jacen,1
alpheus,1
makeup,1
juniper,1
raynes,1
suenaka,1
michelbach,1
militarum,1
astra,1
stripp,1
charrett,1
eduardo,1
hordinsky,1
hwa,1
kondou,1
katadka,1
crimeth,1
mercedez,1
sanoski,1
cynthia,1
vallerand,1
dabe,1
mignola,1
tsung,1
vienna,1
jou,1
ophir,1
celor,1
maccagni,1
seaton,1
pulbications,1
senkar,1
elle,1
oriyano,1
hinsley,1
agency,1
tern,1
retha,1
serita,1
kindred,1
barish,1
lahn,1
dunbar,1
lazenby,1
juvi,1
bray,1
marcovitch,1
writers,1
sebesta,1
damani,1
sekon,1
suzar,1
sloan,1
swift,1
jules,1
martino,1
danell,1
wagram,1
lithe,1
maura,1
intelligence,1
bassam,1
central,1
finch,1
amith,1
schubbe,1
caspar,1
frosenick,1
asia,1
esther,1
shakhashiri,1
root,1
perlingieri,1
roog,1
goldie,1
sackson,1
inmates,1
zaytsev,1
gipson,1
hockley,1
ebenezer,1
uyehara,1
baka,1
agarwal,1
ramage,1
paolucci,1
bestul,1
kukkiwon,1
miyakokasiwa,1
blain,1
zakia,1
megamunden,1
salem,1
jj,1
talamantes,1
gauding,1
brantley,1
vanguard,1
dux,1
gauman,1
herdt,1
liberatore,1
needler,1
architects,1
cyberpunks,1
torture,1
hurteau,1
eustace,1
supermax,1
quero,1
tripwire,1
belamo,1
ms,1
meta,1
electra,1
deshimaru,1
taisen,1
priven,1
canongate,1
goosby,1
preme,1
seefeldt,1
wilder,1
kerrelyn,1
ereckson,1
junior,1
miniter,1
manhood,1
lost,1
recovering,1
devices,1
units,1
darrians,1
loth,1
moebius,1
writing,1
alife,1
boodram,1
return,1
appelbaum,1
rybacki,1
baldacci,1
saatchi,1
qayyim,1
karma,1
ibul,1
imaam,1
podrug,1
norbu,1
namkhai,1
chiles,1
higdon,1
mcmanners,1
explicit,1
giroux,1
monae,1
hezekiah,1
iyla,1
gholson,1
vi,1
peek,1
calrdozia,1
identification,1
lustbader,1
hata,1
tomoaki,1
berkow,1
jabuboswki,1
print,1
gasparini,1
cowritten,1
rashia,1
milion,1
riverside,1
scala,1
skuse,1
directory,1
kigenamuchi,1
mgp,1
vargr,1
depot,1
dymond,1
haslett,1
adwo,1
kudjo,1
sheik,1
grand,1
clancy,1
konrath,1
rokhlin,1
pinchbeck,1
lajuan,1
ionescu,1
kennard,1
boecher,1
deangelis,1
fredsti,1
mcrae,1
defelice,1
edmaier,1
wench,1
dashawn,1
cherice,1
russinovich,1
janus,1
shady,1
firpo,1
ashely,1
kaelin,1
neilan,1
corinda,1
brisard,1
robbin,1
sharai,1
shania,1
zadig,1
flickenger,1
thornton,1
blotar,1
baxandalls,1
baxandall,1
citation,1
hammon,1
feet,1
nomean,1
expression,1
tree,1
janina,1
aslan,1
sloane,1
lilly,1
posley,1
talton,1
erastes,1
fielding,1
erckson,1
scalzo,1
violations,1
evidence,1
hesemi,1
war,1
kershaw,1
characters,1
wording,1
version,1
jaid,1
rayvon,1
sundiata,1
millz,1
quan,1
derren,1
sins,1
dau,1
fadia,1
dinh,1
preproduction,1
definitive,1
cartoon,1
sketchbooks,1
fallout,1
manuals,1
barabara,1
jah,1
ankit,1
hoye,1
collector,1
collectors,1
usmc,1
wimbush,1
tremon,1
buckley,1
jaudon,1
shareef,1
zaires,1
treey,1
giagreco,1
candice,1
matsunami,1
elihu,1
hagan,1
guerin,1
yuisaki,1
nils,1
dobyns,1
isler,1
nt,1
martins,1
rumi,1
kali,1
winds,1
fair,1
ty,1
laruina,1
crespo,1
perversion,1
rifujih,1
gator,1
murakana,1
pleasant,1
pacal,1
hankes,1
fliess,1
aufreiter,1
loisel,1
schirmbock,1
wieczorek,1
alfried,1
zub,1
gross,1
bulman,1
eagle,1
racshke,1
baetens,1
maruyama,1
kugane,1
sakhein,1
folks,1
darryel,1
pokeman,1
melton,1
canada,1
henly,1
yoshi,1
elsevier,1
hauer,1
hendon,1
constitutional,1
studi,1
heiting,1
manfred,1
llya,1
elisan,1
ioji,1
voice,1
frater,1
crey,1
hopkinson,1
sifakis,1
hm,1
rops,1
felicien,1
valles,1
serena,1
coles,1
shand,1
schum,1
trust,1
trichome,1
aria,1
kotoyoshi,1
kuttel,1
chukky,1
lyddon,1
virdell,1
ruln,1
lund,1
kruger,1
echeverria,1
antulio,1
yumisuke,1
technologies,1
adolph,1
smukler,1
sclater,1
imaginefx,1
koch,1
gentile,1
editied,1
nieves,1
kathe,1
baumgartner,1
mahriner,1
bart,1
noted,1
gillam,1
horin,1
tiburon,1
kindzierski,1
poffenberger,1
campagna,1
renard,1
lexie,1
liberator,1
butts,1
eichman,1
watters,1
asida,1
turchet,1
solymosi,1
kitti,1
kagami,1
takaya,1
courtly,1
scarne,1
beam,1
salel,1
masami,1
afanador,1
crown,1
triple,1
prisons,1
forum,1
audacia,1
eliganna,1
aimee,1
hyunh,1
aiden,1
ruven,1
parish,1
pentangeli,1
pep,1
aldiss,1
rudnitsky,1
mehta,1
sunny,1
nidos,1
cacho,1
lydia,1
kurumada,1
swati,1
eder,1
dauncey,1
vigu,1
ballestar,1
vigue,1
ballestas,1
yarnold,1
meuninck,1
paperback,1
market,1
mass,1
hihath,1
ralston,1
lively,1
graffito,1
pimp,1
marriott,1
funches,1
trian,1
prestel,1
higonnet,1
obermayr,1
cropp,1
feder,1
inc,1
braithwaite,1
surry,1
alinsky,1
rosebud,1
orit,1
starmel,1
crutcher,1
kolie,1
miguel,1
verdegan,1
hicholas,1
unkonwn,1
jared,1
holz,1
comix,1
arh,1
wien,1
kunsthalle,1
fadiman,1
fames,1
leahry,1
jiggy,1
milon,1
mask,1
uldis,1
kemeya,1
itsuki,1
minase,1
humphry,1
model,1
live,1
krieger,1
butch,1
klavins,1
drawings,1
tatsuki,1
wendon,1
demeere,1
wim,1
bramwell,1
emelianenko,1
fedor,1
zoukis,1
mcardle,1
keneski,1
fats,1
fujimoto,1
keven,1
dodero,1
schwalm,1
narcos,1
lingam,1
wieszczyk,1
asamon,1
magazines,1
neustadter,1
dann,1
etchison,1
mazaradi,1
sargent,1
murata,1
range,1
hamlin,1
dawud,1
almighty,1
carver,1
gmund,1
miyakawa,1
nerve,1
crossley,1
pisapia,1
intelligent,1
daniek,1
meyerwitz,1
valleji,1
regano,1
alfonse,1
mastalia,1
bioware,1
streets,1
romulo,1
duy,1
bowland,1
slaviecsek,1
fernandez,1
nd,1
chaffey,1
bekwith,1
funa,1
grafstein,1
volunteer,1
racial,1
farkas,1
winder,1
ophelia,1
mashima,1
umar,1
kachina,1
fraud,1
salavetz,1
eerie,1
vasiliev,1
matilda,1
duddlebug,1
walbridge,1
quadeer,1
hofmann,1
entrega,1
fraguas,1
machado,1
rigan,1
mantovani,1
mitto,1
historia,1
verdadera,1
hurowitz,1
traicion,1
bikernes,1
derrek,1
sigler,1
howell,1
vorhaus,1
mining,1
ethem,1
fetterolf,1
sturges,1
jock,1
droga,1
varon,1
wl,1
delberto,1
snow,1
fawkes,1
hagedorn,1
terissa,1
morrill,1
rowena,1
fillion,1
carney,1
pancevski,1
bojan,1
papasak,1
hasluck,1
sweeny,1
pray,1
ledonne,1
cadle,1
cherylyn,1
shimohara,1
heisuke,1
tumbles,1
torri,1
aarona,1
msg,1
akbar,1
stepek,1
marzan,1
akagane,1
dai,1
secreta,1
historis,1
droubie,1
yahya,1
akatsuki,1
natsume,1
stefani,1
withers,1
js,1
emry,1
pritchard,1
ac,1
mccain,1
universal,1
silverberg,1
shoulder,1
jaber,1
hala,1
six,1
pastor,1
jia,1
aldis,1
mychea,1
cpt,1
lomont,1
scambray,1
jendrick,1
moe,1
natter,1
eckartsberg,1
operations,1
executive,1
geier,1
iredell,1
henrick,1
ravalec,1
rocca,1
ribacoff,1
agg,1
twitty,1
dior,1
pinky,1
wille,1
marshal,1
blackburn,1
mott,1
brodsky,1
raines,1
pub,1
anness,1
westra,1
enemig,1
smieth,1
bebby,1
