,publication_nouns
art,721
life,499
letter,414
book,392
issue,379
prison,327
girl,299
cd,244
history,239
sex,238
skin,215
volume,208
blood,198
world,180
story,161
catalog,161
player,149
game,139
best,139
king,139
love,135
death,135
body,134
hustler,128
beginner,126
maxim,124
year,120
metal,119
handbook,116
day,114
news,112
mind,107
monster,107
guide,106
woman,104
way,104
thing,103
war,103
money,101
murder,99
easy,97
power,96
secret,96
health,93
manual,92
ink,87
training,86
fox,86
dragon,85
dungeon,84
juxtapoz,84
edition,84
street,83
man,82
society,82
flash,81
warrior,79
cosmopolitan,78
people,78
fall,75
darkness,74
encyclopedia,73
secrets,70
animal,69
law,69
rise,65
pc,65
step,64
time,64
business,64
design,63
hand,63
nation,62
skill,61
rider,61
pleasure,61
p,61
source,60
easyrider,59
child,58
porn,57
weekly,57
variation,57
introduction,56
voice,56
cheri,53
soldier,53
h,53
adult,52
erotica,52
project,52
position,50
wife,50
fish,49
ozone,48
forum,48
gang,48
confession,48
lingerie,47
self,47
beauty,47
figure,47
diary,47
sutra,47
boss,47
psychology,47
heart,46
hunting,45
paper,45
fighter,45
prisoner,45
seduction,45
publication,45
percenter,45
z,45
fighting,44
word,44
language,44
magazine,44
collection,44
plant,43
tattoo,43
g,43
adventure,42
wind,41
bowhunting,41
pocket,41
designs,40
making,40
character,40
justice,40
drawing,40
star,40
drug,39
rule,38
painting,38
novel,38
legend,38
living,37
flower,36
sister,36
killer,36
idea,36
master,36
weapon,36
course,36
boy,36
sin,35
card,35
techniques,35
roleplaying,34
color,34
tv,33
crime,33
practice,33
video,33
night,32
swank,32
code,31
tear,31
testament,31
dreams,31
reading,31
image,31
lover,31
garden,31
age,30
daughter,30
level,30
beast,30
system,30
field,30
programming,30
slave,30
strategy,30
point,30
case,30
angel,29
poker,29
artist,29
photography,29
water,28
illustration,28
friend,28
drugs,28
science,28
gangster,28
prescription,28
state,28
discovery,27
college,27
portrait,27
detail,27
revenge,27
vision,27
end,27
calendar,27
force,27
today,27
stock,27
candy,27
mafia,26
edge,26
computer,26
lady,26
graphic,26
massage,26
police,26
trading,26
flesh,26
photo,25
rage,25
cartel,25
queen,25
trick,25
passion,25
c,25
brother,25
series,25
revolver,25
dog,25
work,25
u,24
freedom,24
road,24
hero,24
technique,24
nature,24
wisdom,24
killers,24
study,24
torture,24
gathering,24
number,23
web,23
cookbook,23
line,23
fundamental,23
x,23
mother,23
shadow,23
hometown,23
winter,23
eye,23
abolitionist,23
thug,23
playgirl,23
home,22
market,22
v,22
hour,22
penthouse,22
journey,22
action,22
saga,22
truth,22
revelation,22
fishing,22
page,22
dot,21
lettering,21
form,21
party,21
order,21
rodz,21
calligraphy,21
knowledge,21
future,21
finally,21
f,21
machine,21
lie,21
n,21
god,21
arrow,21
light,21
tank,20
bar,20
hit,20
gangsta,20
desire,20
deception,20
fortune,20
son,20
violence,20
combat,20
psycho,20
sista,20
enemy,19
family,19
sailing,19
dummy,19
movie,19
stress,19
essential,19
lust,19
sourcebook,19
o,19
magick,19
anniversary,19
hack,19
touch,19
trip,18
cup,18
note,18
house,18
redemption,18
revolution,18
tech,18
thrasher,18
girls,18
complex,18
century,18
taboo,18
rape,18
teaching,18
dream,18
magic,18
manipulation,18
baby,18
anthology,18
bullet,18
profit,17
hacker,17
ed,17
west,17
adventures,17
fact,17
student,17
serial,17
velvet,17
philosophy,17
tarot,17
basic,17
photographs,17
geniu,17
ghost,17
chick,17
essence,17
fantasy,17
horse,16
message,16
punishment,16
ritual,16
resistance,16
school,16
dimension,16
drive,16
pop,16
expert,16
savage,16
football,16
silence,16
mythology,16
throne,16
season,16
workbook,16
head,16
office,16
leg,16
legal,15
face,15
craft,15
gallery,15
cover,15
hell,15
reason,15
ice,15
application,15
midnight,15
week,15
promise,15
comptia,15
coloring,15
atlas,15
beginning,15
vintage,15
victim,15
myth,15
poster,15
kite,15
memoir,15
gainesville,15
spin,15
boxing,15
xtreme,15
sexual,15
fairy,14
court,14
soul,14
weight,14
deluxe,14
joke,14
country,14
nude,14
writing,14
elle,14
spirit,14
element,14
masterpiece,14
reference,14
earth,14
theory,14
bed,14
blue,14
hunter,14
pressure,14
kind,13
minute,13
exercise,13
question,13
flame,13
initiation,13
swing,13
destiny,13
works,13
anarchism,13
human,13
cryptogram,13
tale,13
hood,13
chapter,13
fight,13
record,13
chopper,13
reality,13
militant,13
investigation,13
connection,13
technology,13
demon,13
model,13
crip,13
interview,13
persuasion,13
list,13
play,13
ecstasy,13
hunger,13
rulebook,13
relationship,13
move,13
homesteading,12
doctor,12
exit,12
score,12
estate,12
race,12
scene,12
ring,12
crimes,12
cash,12
rite,12
python,12
tikvah,12
eyes,12
trade,12
contact,12
woods,12
internet,12
electronic,12
gun,12
kiss,12
bitch,12
total,12
mystery,12
e,12
recipe,12
chronicles,12
housewife,12
town,12
faith,12
lesson,12
welding,12
romance,12
doll,12
land,12
property,12
dolls,12
dance,12
pinup,12
warcraft,11
camp,11
ultimate,11
education,11
scenario,11
coalition,11
tonight,11
right,11
view,11
hottest,11
conversation,11
struggle,11
account,11
cult,11
goddess,11
allure,11
heat,11
escape,11
imagination,11
kingpin,11
corpse,11
loyalty,11
icon,11
principle,11
act,11
vogue,11
rose,11
stranger,11
dali,11
writer,11
sniper,11
font,11
storm,11
aikido,11
identity,11
test,11
pimpology,11
shop,11
sport,11
geographic,11
experience,11
crash,11
masters,11
sacrifice,11
anatomy,11
mercy,10
occult,10
dynamic,10
gold,10
class,10
place,10
approach,10
shame,10
device,10
fever,10
size,10
teacher,10
organized,10
biography,10
company,10
travel,10
investing,10
walking,10
predator,10
creation,10
bone,10
advice,10
pimp,10
volt,10
flying,10
zombie,10
shot,10
misfit,10
ambition,10
woodworking,10
conditioning,10
logic,10
grappling,10
iron,10
need,10
cent,10
wolf,10
gadget,10
celebration,10
guidebook,10
wine,10
companion,10
blaze,10
choice,10
sweet,10
thunder,10
y,10
empire,10
backwoodsman,10
plan,10
arte,10
knife,10
decade,10
highway,10
tips,9
invisible,9
tree,9
folk,9
use,9
trust,9
success,9
guard,9
path,9
apps,9
esquire,9
playbook,9
bargain,9
spy,9
island,9
fatales,9
hope,9
witchcraft,9
claiming,9
asset,9
playing,9
defense,9
piece,9
perspective,9
die,9
bird,9
da,9
photographer,9
stuff,9
summer,9
consequence,9
stormwatch,9
horror,9
criminal,9
generation,9
seal,9
steel,9
workout,9
meditation,9
security,9
patent,9
diamond,9
healing,9
classic,9
insight,9
dancer,9
picture,9
press,9
quote,9
service,9
chic,9
spring,9
honor,9
father,8
present,8
win,8
men,8
annual,8
website,8
disaster,8
door,8
animals,8
tomorrow,8
fear,8
campaign,8
movement,8
steampunk,8
reader,8
texa,8
creature,8
key,8
wrong,8
menage,8
troubleshooting,8
remedy,8
harvest,8
freud,8
super,8
creativity,8
birth,8
discover,8
fitness,8
cannabis,8
moon,8
glass,8
submission,8
vixen,8
poison,8
club,8
em,8
outlaw,8
morning,8
walker,8
preview,8
belly,8
dark,8
nursing,8
sword,8
special,8
ethic,8
culture,8
continent,8
proof,8
toy,8
judge,8
reincarnation,8
attraction,8
flex,8
alberto,8
lick,8
print,8
cost,8
effect,8
relieving,8
car,8
mercenary,8
welcome,8
kid,8
wood,8
respect,8
pose,8
greeting,8
leather,8
metamorphosis,8
s,8
grid,8
flight,8
sky,8
moment,8
apocalypse,8
whore,8
printing,8
material,8
journal,8
tupac,8
camping,8
hate,8
compendium,8
satisfaction,8
wrath,8
awakening,8
explicit,8
fun,8
sorcery,7
badlands,7
magika,7
happiness,7
books,7
fury,7
grammar,7
concern,7
bite,7
starting,7
evidence,7
inmate,7
answer,7
program,7
orientails,7
disorder,7
pro,7
victory,7
faery,7
godfather,7
return,7
sugar,7
building,7
instant,7
editor,7
price,7
medicine,7
uprising,7
meaning,7
experiment,7
tantra,7
song,7
report,7
addiction,7
captive,7
energy,7
aarl,7
relaxation,7
stage,7
faerie,7
soho,7
circuit,7
era,7
isis,7
behavior,7
tool,7
production,7
information,7
almanac,7
systems,7
mob,7
workshop,7
odyssey,7
yoga,7
forensic,7
river,7
mayhem,7
creatures,7
daddy,7
t,7
nugget,7
nympho,7
deed,7
rising,7
low,7
bug,7
religion,7
herbs,7
call,7
rock,7
vampire,7
civilization,7
quarterly,7
circumstance,7
hacking,7
tattooing,7
bedroom,7
sand,7
html,7
b,7
fetish,7
train,7
phrase,7
duty,7
investigator,7
fashion,7
surrealism,7
speed,7
grave,7
pain,7
vein,7
construction,7
parade,7
raunchy,7
remind,7
contract,7
pillar,7
cell,7
illusion,7
cartoon,7
structure,7
keeper,7
blueprint,7
vol,6
situation,6
designer,6
dead,6
beer,6
flint,6
tight,6
wild,6
dick,6
basketball,6
mushroom,6
engineering,6
maker,6
range,6
guy,6
painter,6
gutter,6
lifetime,6
plumper,6
authority,6
copyright,6
quickie,6
vitamin,6
black,6
conspiracy,6
publisher,6
thinking,6
threat,6
vice,6
psychopath,6
advocate,6
milk,6
hammer,6
revision,6
style,6
lovemaking,6
resurrection,6
tales,6
genius,6
pal,6
second,6
fire,6
mistress,6
bang,6
setting,6
wonder,6
title,6
dvd,6
dime,6
eros,6
window,6
assault,6
yayo,6
dancing,6
curve,6
muerto,6
resource,6
trial,6
legacy,6
site,6
vixens,6
figures,6
wing,6
possession,6
sportsman,6
rabbit,6
enterprise,6
temptation,6
mortal,6
ray,6
document,6
value,6
look,6
survival,6
term,6
ghetto,6
option,6
wiring,6
selection,6
deck,6
villain,6
wound,6
braziliangel,6
spell,6
exposure,6
room,6
cage,6
gardening,6
javascript,6
challenge,6
hr,6
ashes,6
block,6
solution,6
collector,6
exposed,6
problems,6
social,6
person,6
winner,6
weather,6
yearbook,6
penis,6
kick,6
cherry,6
banzai,6
ad,6
career,6
tiger,6
operating,6
portable,6
goon,6
change,6
textbook,6
brain,6
boys,6
alien,6
talk,6
abolition,6
delta,6
hoodlum,6
bow,6
support,5
balance,5
million,5
professional,5
industry,5
chain,5
paint,5
toys,5
city,5
preacher,5
photograph,5
foreword,5
magician,5
dollar,5
bracelet,5
couple,5
retribution,5
focus,5
diy,5
hop,5
graff,5
preparation,5
cultivation,5
emergency,5
footwork,5
member,5
sketchbook,5
tradition,5
toe,5
breath,5
army,5
murderer,5
type,5
write,5
cross,5
hunt,5
wormwood,5
sheep,5
offender,5
wall,5
root,5
budget,5
east,5
cut,5
helicopter,5
gal,5
cougar,5
fruit,5
bit,5
lucky,5
up,5
abuse,5
sign,5
taste,5
sized,5
fuel,5
advertising,5
organization,5
sewing,5
tools,5
roll,5
harrington,5
rune,5
handgun,5
script,5
giant,5
activity,5
platinum,5
twilight,5
connect,5
epidemic,5
gambling,5
shelter,5
condition,5
flea,5
whoreson,5
show,5
exotic,5
attack,5
pantie,5
destruction,5
herbal,5
warning,5
swinger,5
foundation,5
worker,5
extra,5
fable,5
loss,5
dreaming,5
grit,5
fence,5
bank,5
panther,5
transition,5
masquerade,5
cannibalism,5
fr,5
marriage,5
shakur,5
necronomicon,5
bowhunter,5
swapper,5
arrival,5
mirror,5
infinite,5
artifact,5
jungle,5
criminology,5
display,5
red,5
exploit,5
trainee,5
elite,5
core,5
countryside,5
english,5
lord,5
care,5
transmetropolitan,5
cooking,5
explosive,5
sing,5
blast,5
credit,5
risk,5
matter,5
cannibal,5
sense,5
chamber,5
women,5
rockstar,5
viking,5
food,5
forex,5
snoop,5
sunset,5
bomb,5
w,5
parent,5
cops,5
reflection,5
slot,5
armor,5
inside,5
punk,5
photographic,5
tenjho,5
anarchy,5
drop,5
leader,5
corner,5
ceremony,5
gasp,5
parasite,4
newsletter,4
debt,4
eden,4
onion,4
dying,4
developer,4
rope,4
yeager,4
safety,4
crow,4
blow,4
witch,4
funny,4
bits,4
wonderland,4
arm,4
weeks,4
alphabet,4
lore,4
m,4
satanist,4
anomaly,4
honey,4
sentence,4
amigos,4
grimoires,4
juror,4
thought,4
symbol,4
lil,4
battle,4
global,4
row,4
punisher,4
leadership,4
operation,4
scale,4
butcher,4
album,4
corruption,4
unmaking,4
dirty,4
zone,4
yakub,4
month,4
virtue,4
piloting,4
unspeakable,4
feral,4
backwood,4
batter,4
dopeman,4
divorce,4
diva,4
sewer,4
breast,4
vols,4
wtf,4
dice,4
access,4
tie,4
trash,4
panty,4
danger,4
talent,4
sufficiency,4
cartooning,4
animation,4
explorer,4
morri,4
crue,4
innocence,4
betrayal,4
barred,4
occasion,4
billionaire,4
yesterday,4
seed,4
compilation,4
encounter,4
sketch,4
directory,4
poems,4
process,4
ocean,4
vanadis,4
wish,4
hellraiser,4
observer,4
d,4
failure,4
brat,4
tail,4
sun,4
conflict,4
signal,4
tactic,4
trucking,4
treason,4
coding,4
manson,4
erotic,4
distributor,4
pencil,4
trouble,4
halls,4
traffic,4
girlfriend,4
stratergy,4
confidence,4
wizard,4
pirate,4
part,4
profile,4
tide,4
pink,4
speech,4
hip,4
covenant,4
meth,4
hidden,4
shade,4
rick,4
cause,4
crop,4
killadelphia,4
manhood,4
tongue,4
cipher,4
signing,4
notebook,4
disappear,4
duo,4
tantric,4
caricatures,4
gypsy,4
autobiography,4
hollywood,4
realm,4
instruction,4
drill,4
pity,4
intelligence,4
identification,4
music,4
radical,4
kinky,4
oppression,4
pepper,4
tip,4
warriors,4
sugah,4
witness,4
variety,4
homestead,4
hybrid,4
agreement,4
youth,4
rest,4
impaler,4
postcard,4
avenger,4
politic,4
past,4
decision,4
blind,4
banking,4
update,4
darknet,4
vegetable,4
impact,4
leviathan,4
pen,4
electricity,4
transfiguration,4
aid,4
amateurs,4
razor,4
grindhouse,4
detective,4
dutch,4
fit,4
plumber,4
felon,4
store,4
mermaid,4
buns,4
spot,4
treasury,4
bridge,4
dictionary,4
spr,4
custom,4
fragment,4
wolverine,4
sheet,4
werewolf,4
distribution,4
draw,4
psychopathia,4
beach,4
agent,4
canon,4
judo,4
gunmaker,4
feeling,4
sixty,4
bath,4
racism,4
gift,4
cheesecake,4
section,4
wildlife,4
innocent,4
memory,4
sketching,4
bag,4
tome,4
sexation,4
intention,4
loathing,4
tensei,4
thief,4
investor,4
tattooisme,4
file,4
push,4
count,3
queer,3
streets,3
pimping,3
apprentice,3
recoil,3
clockwork,3
zodiac,3
shooter,3
courage,3
mirage,3
extreme,3
liberation,3
cats,3
village,3
dawgz,3
rail,3
maiden,3
spook,3
storey,3
hoe,3
erotico,3
invention,3
raver,3
prostitution,3
reaction,3
brom,3
psychiatry,3
table,3
sauce,3
insurgent,3
charge,3
divination,3
hellblazer,3
bibles,3
rhythms,3
pow,3
deadly,3
dirt,3
testamant,3
k,3
dagger,3
rockabilly,3
environment,3
visually,3
assessment,3
jigokuraku,3
foreplay,3
connxxxion,3
oasis,3
highschool,3
radio,3
factory,3
female,3
intensity,3
undead,3
trapping,3
opportunity,3
chasing,3
percent,3
teeth,3
trafficking,3
tenge,3
betting,3
l,3
picking,3
soap,3
comedy,3
transfer,3
cracker,3
genre,3
superhero,3
protection,3
scissor,3
corpus,3
glow,3
testing,3
rolling,3
spellbook,3
giger,3
trilogy,3
primitive,3
regrets,3
pic,3
promiscuity,3
jeremy,3
selfish,3
dame,3
masterworks,3
symbology,3
media,3
scandal,3
electrical,3
roca,3
neighbor,3
dopefiend,3
demonology,3
fantasies,3
civilian,3
hurricane,3
giselle,3
iceman,3
deliverance,3
center,3
eyewitness,3
feminism,3
fedor,3
thirst,3
herb,3
feature,3
mongol,3
origin,3
definition,3
exotique,3
gaga,3
blackwater,3
eat,3
bet,3
lineage,3
envy,3
trapped,3
schiffer,3
dreamland,3
quiver,3
mutha,3
pin,3
knight,3
globe,3
church,3
cat,3
eroticism,3
suicide,3
clitology,3
piercing,3
film,3
pornography,3
snowpiercer,3
essay,3
ranger,3
perception,3
disassembly,3
gunshot,3
treat,3
threesome,3
moresome,3
tit,3
triage,3
grief,3
rapist,3
drakaina,3
foot,3
investigating,3
patriot,3
unknown,3
harem,3
kampf,3
gentleman,3
echo,3
pygmy,3
arousal,3
deadpool,3
tournament,3
wilderness,3
mountain,3
fix,3
dom,3
fu,3
rebellion,3
husband,3
hitta,3
side,3
cheerleader,3
emmanuelle,3
gladiator,3
peace,3
chocolate,3
thorn,3
map,3
grind,3
gas,3
manuel,3
oyster,3
cardstock,3
bride,3
longevity,3
vacation,3
folly,3
murda,3
extinction,3
childhood,3
swimsuit,3
sadomasochism,3
masse,3
oh,3
remorse,3
search,3
blanket,3
dust,3
weed,3
anti,3
masculinity,3
cheek,3
live,3
date,3
knot,3
zom,3
vamp,3
scripture,3
tijuana,3
transformation,3
knotting,3
strokes,3
lot,3
don,3
workouts,3
fame,3
cradle,3
tha,3
oman,3
norseman,3
mastery,3
breach,3
slum,3
goodbye,3
outdoor,3
stencil,3
reloaded,3
snake,3
habit,3
kickboxing,3
scream,3
pant,3
quinn,3
badge,3
evil,3
soundtrack,3
incident,3
vengeance,3
memoirs,3
decoration,3
shock,3
snuff,3
chaser,3
royalty,3
burial,3
outburn,3
aggression,3
paradise,3
lockdown,3
marijuana,3
glamour,3
marketing,3
pet,3
jail,3
deal,3
expression,3
acceptance,3
baller,3
android,3
emotion,3
eberon,3
hottie,3
offgrid,3
equipment,3
text,3
ornament,3
butts,3
airbrushing,3
colors,3
object,3
carpentry,3
dogs,3
corporation,3
banker,3
senior,3
management,3
narco,3
perfection,3
princess,3
peak,3
result,3
performance,3
desk,3
horny,3
dope,3
landmarks,3
hydroponic,3
conviction,3
blessing,3
refrigeration,3
christmas,3
relief,3
interpretation,3
event,3
handicapper,3
titan,3
fine,3
hours,3
networking,3
saltwater,3
chess,3
sausage,3
brick,3
superstar,3
drone,3
planning,3
thorns,3
origami,3
flow,3
jealousy,3
shape,3
shit,3
difference,3
help,3
analysis,3
deviant,3
lynching,3
cbd,3
advantage,3
afghanistan,3
limit,3
anger,3
execution,3
photoshop,3
multi,3
homegrown,3
template,3
frontier,3
version,3
halloween,3
gothic,3
medication,3
smoking,3
casting,3
reversed,3
interest,3
tutor,3
privacy,3
secure,3
alamo,3
voyage,3
sticker,3
furniture,3
supplement,3
therapy,3
xxx,3
devotion,3
sale,3
nonprescription,3
plague,3
instrument,3
exploration,3
woodworker,3
hvac,3
angles,3
brutality,3
praise,3
finger,3
ship,3
exploitation,3
depth,3
prep,3
archetype,3
sanchez,3
bond,3
managing,3
rootkit,2
listen,2
gloeden,2
monograms,2
space,2
backer,2
exchange,2
adamas,2
favole,2
ailment,2
international,2
incredibly,2
fingertips,2
dirtier,2
teese,2
mean,2
chronicle,2
bigfoot,2
royo,2
curse,2
sexxploit,2
hiking,2
guite,2
german,2
nest,2
xxxii,2
glock,2
pattern,2
influential,2
voyeur,2
yang,2
phenomenon,2
davy,2
spice,2
lifelong,2
brand,2
rainforest,2
lip,2
aura,2
reunion,2
spectrum,2
fulfillment,2
rom,2
circle,2
orgasm,2
soil,2
greed,2
recon,2
conpal,2
match,2
coed,2
geometry,2
brochure,2
gizmo,2
demolition,2
antichrist,2
bestiary,2
siren,2
nigger,2
board,2
drake,2
thor,2
telling,2
lace,2
unit,2
cannon,2
exhibitionist,2
drink,2
biggest,2
paranormal,2
editior,2
degree,2
whispers,2
indoors,2
sexaholic,2
sextortion,2
ganster,2
heir,2
howls,2
mindhunter,2
louvre,2
fist,2
futurism,2
psychobilly,2
string,2
wage,2
fraud,2
deformity,2
flamethrower,2
american,2
air,2
appliance,2
zeppelin,2
jitsu,2
cellmate,2
alive,2
controller,2
stone,2
oral,2
ridin,2
cucca,2
capitalism,2
crossfire,2
canvas,2
sexplay,2
vendetta,2
sample,2
ebook,2
programmer,2
watercolor,2
crucible,2
fascist,2
universe,2
dominion,2
motion,2
scientific,2
nouveau,2
buckland,2
degrees,2
og,2
conception,2
cabin,2
bud,2
meat,2
casebook,2
lilith,2
chicagohoodz,2
compliment,2
artform,2
telephone,2
couch,2
algorithm,2
snitch,2
photorealism,2
composite,2
immunity,2
skulls,2
nonprofit,2
vibration,2
thriller,2
favorite,2
absolutely,2
pig,2
penal,2
bottoms,2
ninja,2
cocaine,2
scribbling,2
rant,2
quick,2
lovecraft,2
champ,2
piper,2
staffing,2
narconomic,2
hydrogen,2
vcr,2
payback,2
locksmithing,2
altar,2
executioner,2
hype,2
crumb,2
methamphetamine,2
quadrant,2
camera,2
cosplay,2
indoor,2
blooded,2
newspaper,2
gaming,2
gospel,2
slavery,2
skyscraper,2
disclosure,2
transistor,2
cocktail,2
gunsmithing,2
heel,2
gloss,2
motive,2
transformative,2
firefly,2
pictures,2
artillery,2
pictorial,2
ninjutsu,2
agency,2
frankenstein,2
apple,2
expose,2
raw,2
boobytrap,2
heaven,2
stalking,2
smoothie,2
oct,2
learn,2
forgotten,2
landing,2
enriquez,2
sexuali,2
southwest,2
nylon,2
playstation,2
clue,2
tibet,2
illustrator,2
krampus,2
lifestyle,2
thugs,2
rain,2
bye,2
rogue,2
longhorn,2
appetite,2
slipknot,2
lasher,2
perfume,2
pinups,2
siege,2
pathophysiology,2
mask,2
virgin,2
bind,2
outcast,2
oz,2
michelangelo,2
sick,2
lock,2
eyez,2
doodle,2
celebrity,2
blackmen,2
inheritance,2
fiction,2
champion,2
spouse,2
pillow,2
j,2
butterfly,2
passage,2
luxury,2
towelhead,2
barracuda,2
spectres,2
wildflower,2
rza,2
venom,2
tabu,2
blackmailed,2
currency,2
profiling,2
undetectable,2
primal,2
overview,2
nurse,2
dont,2
consumer,2
biking,2
yard,2
blossom,2
windows,2
audience,2
opening,2
microbiology,2
president,2
vigilante,2
shift,2
rankin,2
pound,2
deceiver,2
trespass,2
dna,2
arrest,2
brief,2
eagle,2
mirrors,2
pamphlet,2
baseball,2
timeline,2
tape,2
ministry,2
neurology,2
initial,2
bloodline,2
dwarf,2
misunderstood,2
symptoms,2
tucson,2
florence,2
platform,2
rodeo,2
gods,2
nevermind,2
standard,2
hawk,2
dinosaur,2
shooting,2
booster,2
cycle,2
instinctive,2
hotel,2
fate,2
atrocity,2
offering,2
poem,2
pipe,2
farmer,2
tier,2
hitler,2
streetlow,2
madman,2
mead,2
diario,2
argument,2
holocaust,2
mile,2
attic,2
strike,2
drama,2
requiem,2
male,2
mahoromatic,2
reporter,2
intruder,2
quest,2
glance,2
rush,2
slime,2
haru,2
aniversario,2
fountain,2
traps,2
boiled,2
vortex,2
strega,2
abuser,2
supreme,2
robotic,2
hardcore,2
stack,2
superhotsex,2
hyena,2
rich,2
coaster,2
flexibility,2
strength,2
hypnosi,2
redneck,2
bullets,2
helnwein,2
published,2
bastard,2
tihkal,2
actress,2
track,2
herotica,2
ethylene,2
nooner,2
teardown,2
visit,2
firefighter,2
regulation,2
voodoo,2
tomb,2
postmortem,2
specialty,2
marine,2
odd,2
creator,2
licious,2
slick,2
floor,2
measure,2
curiosity,2
hypnosis,2
flipping,2
pledge,2
rifles,2
omega,2
webbie,2
sweatshirt,2
rampage,2
damnation,2
lending,2
mission,2
assembly,2
figurine,2
psychoactive,2
surprise,2
darkmarket,2
xxxposed,2
words,2
hustlenomic,2
sade,2
delight,2
pistol,2
substance,2
mak,2
aircraft,2
elephant,2
carnifex,2
governess,2
ugly,2
minor,2
canning,2
akira,2
demystified,2
warfare,2
reckoning,2
ruben,2
poverty,2
contracts,2
rockin,2
electrician,2
goetia,2
detector,2
alexandre,2
half,2
peach,2
left,2
petion,2
author,2
component,2
column,2
houdini,2
quilling,2
entertainment,2
nameless,2
angle,2
product,2
cheese,2
breaking,2
soft,2
supply,2
skeleton,2
knockout,2
suburbs,2
laughter,2
shiny,2
r,2
talisman,2
job,2
reflexology,2
mechanism,2
ape,2
commandment,2
chicken,2
robots,2
grudge,2
run,2
blonde,2
laundering,2
fly,2
interrogation,2
desperado,2
bull,2
conclusion,2
snowfall,2
potentially,2
nana,2
ceo,2
rioerotico,2
porno,2
policy,2
pitbull,2
pam,2
draft,2
fee,2
mom,2
wedding,2
galaxy,2
rival,2
changling,2
manga,2
odds,2
buddha,2
bulger,2
accessory,2
manhunt,2
user,2
budo,2
white,2
xiii,2
spoil,2
household,2
banksy,2
tricknology,2
manliness,2
terrier,2
throw,2
glory,2
bling,2
scout,2
airplane,2
satan,2
asjiah,2
trend,2
balthus,2
trigger,2
stew,2
concept,2
teen,2
thieves,2
border,2
compass,2
slayer,2
interval,2
selfie,2
longing,2
cookin,2
tube,2
motor,2
development,2
storytelling,2
rhapsody,2
affairs,2
bme,2
installation,2
mastermind,2
lane,2
codes,2
walls,2
cavewoman,2
brainy,2
revoluntionary,2
lips,2
watchman,2
blade,2
protest,2
rioting,2
baptim,2
assassin,2
covers,2
araki,2
fermentation,2
meal,2
fetishism,2
rig,2
grey,2
influence,2
redhead,2
vehicle,2
firebrand,2
cummer,2
rifle,2
relation,2
sight,2
godkiller,2
coming,2
prepper,2
blackman,2
problem,2
flag,2
totally,2
mache,2
cryptography,2
investment,2
zenspiration,2
chemistry,2
dominance,2
chevalier,2
zine,2
strawman,2
worry,2
diagnosis,2
abc,2
alazar,2
quip,2
sucker,2
brothel,2
orange,2
runelore,2
straight,2
shawty,2
coder,2
joker,2
mobster,2
wireless,2
biker,2
liaison,2
scam,2
motif,2
cocainefinger,2
examination,2
sd,2
treatise,2
worlds,2
capital,2
shamanism,2
planting,2
penpal,2
latino,2
shrapnel,2
horseman,2
violent,2
pill,2
rocket,2
sinner,2
reaper,2
start,2
rayson,2
pulp,2
staff,2
campus,2
quotation,2
viewpoint,2
intimacy,2
lifesaving,2
nanking,2
cuts,2
outrage,2
plantation,2
jackson,2
gender,2
tax,2
restraining,2
scrapbook,2
dad,2
memior,2
su,2
factor,2
breaks,2
brunette,2
silat,2
torso,2
testimony,2
unbreakable,2
cook,2
tribute,2
holiday,2
owl,2
prevention,2
espionage,2
routing,2
kicked,2
balancing,2
bonker,2
basilisk,2
surfing,2
ops,2
surveillance,2
authentic,2
greig,2
distilling,2
greater,2
cutie,2
orbit,2
skills,2
bully,2
meridian,2
puzzle,2
strapp,2
ax,2
paperback,2
filing,2
mr,2
oppressed,2
skull,2
darling,2
thick,2
simpson,2
divorced,2
earnest,2
faster,2
geography,2
tart,2
infamy,2
forgive,2
pharaoh,2
spotlight,2
forms,2
role,2
fires,2
mychea,2
ayumi,2
vending,2
laura,2
contractor,2
starvation,2
flirt,2
revolutionary,2
heist,2
diablerie,2
tropic,2
dejah,2
ally,2
killing,2
trinity,2
slippery,2
bullshit,2
iphone,2
consequences,2
xxxiii,2
controversy,2
crackhead,2
yearning,2
brewing,2
clash,2
cancer,2
dominatrix,2
crumbling,2
knee,2
formula,2
insider,2
intuition,2
patterns,2
post,2
software,2
subcommittee,2
thumb,2
demand,2
wave,2
notice,2
kilo,2
siddur,2
plc,2
flames,2
curing,2
valley,2
playmate,2
driver,2
announcement,2
aperture,2
buddy,2
gem,2
bagua,2
partner,2
antennas,2
technician,2
damned,2
pavement,2
wheel,2
jinni,2
pearl,2
inventor,2
tribal,2
obsession,2
filth,2
codex,2
looker,2
terrorism,2
desert,2
strikes,2
louder,2
afterburn,2
dealing,2
homage,2
mandala,2
progress,2
ratchet,2
muscle,2
firearm,2
omnibus,2
liquid,2
wake,2
fritz,2
subversion,2
shaman,2
tampa,2
laptop,2
ending,2
novice,2
damiond,2
internaturally,2
rods,2
prodigy,2
translation,2
official,2
incarcerated,2
humor,2
fiesta,2
ejaculation,2
session,2
frequency,2
crowley,2
hole,2
hostia,2
cumpilation,2
unicorn,2
terror,2
smoke,2
forsenics,2
fights,2
sentiment,2
ecstacy,2
damage,2
ironwood,2
dessous,2
verse,2
installing,2
communion,1
counting,1
dressmaker,1
gynecology,1
tsang,1
sexu,1
dreamworking,1
gardner,1
cultura,1
apocalipstick,1
maternity,1
dolemite,1
buying,1
deadwood,1
journalist,1
kulture,1
biscuit,1
supremacy,1
conservation,1
pathology,1
psychopathic,1
kingmaking,1
minotaur,1
kaw,1
notoriou,1
keyhole,1
bottle,1
kazakhstan,1
interspecie,1
kamunagara,1
histologic,1
reviewer,1
palm,1
invitation,1
skinhead,1
methods,1
poisoned,1
cyberpunk,1
tenneson,1
rabelai,1
stupid,1
destroying,1
bundle,1
peeper,1
dreamscapes,1
principles,1
alternative,1
joel,1
bloodiest,1
rake,1
gates,1
tiny,1
careful,1
hazards,1
geocaching,1
iwgp,1
backwoods,1
barrier,1
juliette,1
ball,1
gala,1
avaliable,1
customized,1
vatsyayan,1
sculptures,1
thread,1
rein,1
gymnast,1
baguazhang,1
penetration,1
irresistible,1
ishtar,1
kola,1
sacred,1
biter,1
garde,1
jumper,1
okay,1
purpose,1
app,1
goods,1
rattan,1
alchemical,1
acupoint,1
manipulacion,1
manifest,1
bilingual,1
whoremonger,1
bergman,1
malice,1
anthrax,1
intervention,1
malevolence,1
warden,1
theart,1
smiling,1
bette,1
tracking,1
loving,1
area,1
ikkoku,1
depravity,1
moother,1
magritte,1
adirondack,1
activism,1
remembrance,1
farewell,1
reigion,1
supernaturaism,1
marks,1
lexicon,1
autoflowering,1
dese,1
homographic,1
sinking,1
exam,1
immerse,1
alpha,1
carbon,1
matisse,1
portfolio,1
developmental,1
loca,1
plaza,1
shiatsu,1
ainsel,1
captai,1
ana,1
marshal,1
marilyn,1
exposures,1
hunk,1
wigga,1
devolution,1
extremes,1
syndocate,1
amory,1
encyclopaedia,1
marijuanaman,1
introcuction,1
roman,1
cousin,1
supernaturalism,1
gorgeous,1
dannemora,1
tapang,1
lang,1
studios,1
arttitude,1
ascension,1
supper,1
dissolving,1
mahasiddhas,1
langrisser,1
dante,1
dossier,1
illusio,1
accipiter,1
launcher,1
renaissance,1
borderland,1
epistles,1
laffing,1
divine,1
labyrinth,1
ankh,1
prado,1
astronomicon,1
grace,1
isreal,1
minorem,1
steed,1
detailed,1
phillip,1
pete,1
bipolar,1
klansman,1
maestros,1
silent,1
submachine,1
lucy,1
lucretia,1
velez,1
aspects,1
homecoming,1
betrayed,1
candle,1
willi,1
programing,1
dementia,1
laundry,1
rocker,1
constellation,1
doufay,1
backward,1
stade,1
sally,1
discovey,1
shirt,1
grass,1
hieroglyphics,1
dismembered,1
apart,1
cigarette,1
lesbian,1
satisfied,1
throat,1
exclusive,1
mamas,1
phone,1
chamza,1
pros,1
burner,1
burning,1
standing,1
survey,1
ghett,1
tendency,1
providence,1
insanity,1
genderqueer,1
injustice,1
cadaver,1
garvey,1
garbage,1
barbarian,1
divinity,1
gage,1
caldo,1
caliphate,1
slaughtering,1
psychopathology,1
collecting,1
excavation,1
practical,1
fugitive,1
giotto,1
burned,1
gigant,1
gilgamesh,1
clown,1
kille,1
bronzino,1
digest,1
encyclpedia,1
interstate,1
bdsm,1
presence,1
mist,1
cultivate,1
groupie,1
potion,1
reaping,1
enzo,1
bounty,1
fom,1
astrologer,1
bootcamp,1
referenced,1
graphene,1
granddad,1
bugatti,1
detox,1
bumf,1
graffito,1
bouffant,1
landed,1
corsets,1
gitchie,1
fo,1
thinker,1
latest,1
hypnotized,1
fitzpatrick,1
extempore,1
bohemian,1
serpent,1
chloe,1
swear,1
fireworks,1
storage,1
cinema,1
exterminator,1
filthy,1
physicist,1
figh,1
extremely,1
fixation,1
gross,1
citizen,1
fables,1
facade,1
cola,1
pray,1
chase,1
claymore,1
sang,1
yanomami,1
cyberseurity,1
theda,1
climate,1
clubland,1
command,1
rover,1
fledgling,1
famo,1
pudding,1
drypoint,1
durham,1
carny,1
sideshow,1
freckle,1
magical,1
fraulein,1
trooper,1
fawcett,1
fueled,1
carvaggio,1
foxy,1
cathedral,1
albion,1
inch,1
chance,1
burg,1
helldiver,1
darks,1
elena,1
sudan,1
fresco,1
fifty,1
flirts,1
explore,1
ransoms,1
aztlan,1
courbet,1
pr,1
continuation,1
ordenado,1
fool,1
subculture,1
grower,1
daytona,1
dough,1
alison,1
collecto,1
indiana,1
edible,1
edie,1
nujood,1
fathers,1
jewel,1
counter,1
edinburgh,1
unabomber,1
hung,1
afterparty,1
bitches,1
femenino,1
hundertwasser,1
diversity,1
oath,1
puddin,1
lion,1
hovercraft,1
knotty,1
sweat,1
curious,1
thier,1
bosoms,1
buttz,1
giorello,1
beastmode,1
sequel,1
unbecoming,1
inkslinger,1
beefcake,1
visitor,1
manhattan,1
bae,1
infliction,1
believe,1
mates,1
bernini,1
nivarana,1
hippocampus,1
gein,1
indelible,1
italian,1
womb,1
clearing,1
betrayer,1
raintree,1
mierda,1
falconer,1
creeper,1
bicycle,1
cryptanalysis,1
scen,1
bode,1
repute,1
horrors,1
sorrow,1
sonnet,1
button,1
boulevard,1
bubble,1
headshot,1
cranial,1
bourbon,1
header,1
buckmaster,1
drilling,1
boxology,1
pony,1
crack,1
hackabouts,1
wrestling,1
melnibone,1
buffet,1
brannon,1
breakfast,1
reign,1
einstein,1
beers,1
cybersecurity,1
cowboys,1
enchantment,1
pack,1
entering,1
badly,1
subs,1
slash,1
diet,1
haunting,1
zines,1
chaun,1
cheeks,1
urge,1
finale,1
warmest,1
splash,1
plight,1
utopia,1
mxico,1
hearthstone,1
diablos,1
hieroglyph,1
jewish,1
hieronymus,1
slauson,1
borb,1
creeker,1
exhibition,1
dio,1
congo,1
distraction,1
hick,1
children,1
wotansvolk,1
tea,1
jurado,1
needs,1
cartier,1
elektra,1
memoris,1
problogger,1
taught,1
hitter,1
bosom,1
gomorrah,1
themes,1
toolbox,1
pronunciation,1
charts,1
bedtime,1
harper,1
penitentiary,1
himmler,1
glute,1
reems,1
caliber,1
voltage,1
smuggler,1
aunt,1
orgies,1
latina,1
salesgirls,1
slaying,1
huerto,1
cheating,1
barmaid,1
ruin,1
fast,1
amy,1
finding,1
firm,1
speller,1
assariyah,1
fondle,1
outsider,1
personal,1
credential,1
nostaglia,1
aging,1
storyteller,1
abused,1
femme,1
futhark,1
explained,1
harlem,1
gaytime,1
astigmatism,1
fiancee,1
biodiesel,1
ideal,1
elegant,1
arthur,1
couples,1
dynasty,1
diaries,1
correspondence,1
thelma,1
transvestite,1
mancerotica,1
mandate,1
victor,1
sl,1
techno,1
grow,1
maneuver,1
masonry,1
competition,1
cometh,1
mcmafia,1
meriem,1
reloading,1
lollipops,1
lollipop,1
beth,1
heroin,1
texts,1
signo,1
clarence,1
manning,1
machinery,1
mountaineering,1
intim,1
motifs,1
commentary,1
circus,1
soutra,1
irishman,1
knocker,1
mason,1
lama,1
braiding,1
comics,1
learner,1
moana,1
brawls,1
turkish,1
greatness,1
sexxtasy,1
package,1
molester,1
critique,1
chobit,1
climbing,1
clinical,1
pharmacology,1
vivid,1
scots,1
establishment,1
endowed,1
caper,1
decorative,1
bartending,1
rhunic,1
inscription,1
arts,1
laboratory,1
engineer,1
convict,1
domatrix,1
groundfighting,1
femmes,1
founder,1
mage,1
bookie,1
boxer,1
boyz,1
belt,1
rank,1
bronson,1
brutal,1
withcraft,1
buffy,1
centurian,1
addition,1
pit,1
candid,1
carnivora,1
cartridge,1
detection,1
catechism,1
cavalier,1
adornment,1
aqua,1
kama,1
discursive,1
sublime,1
pistols,1
shackled,1
karate,1
tension,1
endurance,1
caruska,1
tiddlywink,1
ingredient,1
universali,1
erotique,1
asis,1
evaluation,1
commercial,1
analyzer,1
lad,1
expansion,1
expos,1
associate,1
eyeball,1
fatboss,1
rollup,1
duelmaster,1
dracopedia,1
dopesick,1
profiles,1
xavier,1
crimson,1
abyss,1
uncut,1
circumcision,1
dahmane,1
juarez,1
demi,1
issues,1
nick,1
addict,1
receipts,1
striking,1
dozen,1
spanish,1
disciplinary,1
dininorum,1
brasco,1
mi,1
blower,1
squad,1
torment,1
juan,1
tease,1
teazer,1
anniv,1
vigilance,1
winning,1
thong,1
harry,1
heavy,1
detention,1
portait,1
gwen,1
chart,1
ultra,1
gusher,1
unlicensed,1
verre,1
dean,1
azteic,1
crown,1
continuity,1
runes,1
socialism,1
preventment,1
ounce,1
soulmate,1
sentinel,1
boarding,1
spectator,1
spellcraft,1
ault,1
spunky,1
spying,1
bronze,1
singles,1
straying,1
enforcer,1
stripper,1
occultism,1
backflow,1
redefined,1
eroticum,1
erotomic,1
supersex,1
stillness,1
adolf,1
weltanschauung,1
whitopia,1
liberty,1
group,1
alaphabet,1
schoolgirl,1
nos,1
mouth,1
beg,1
pimology,1
rosebud,1
adversary,1
nationalism,1
terracotta,1
dawn,1
shapeshifter,1
method,1
pussy,1
darke,1
autobiolography,1
defendant,1
seperation,1
cellar,1
zero,1
plate,1
license,1
westie,1
presentation,1
latinos,1
throbbing,1
cynthia,1
borowitz,1
researcher,1
counterculture,1
wildwood,1
verotir,1
wired,1
wolfie,1
wolfskin,1
woodtli,1
com,1
gi,1
flick,1
tribes,1
heritage,1
debate,1
snare,1
truckin,1
playguy,1
simply,1
pleasures,1
asst,1
dues,1
intercourse,1
clubs,1
tia,1
poet,1
theraphy,1
pets,1
ornamental,1
gresham,1
ref,1
pockets,1
hiding,1
smear,1
tooling,1
whittling,1
projects,1
pornstar,1
slang,1
orientalia,1
slaughterhouse,1
celebrate,1
mishap,1
moma,1
winkytiki,1
jank,1
nypd,1
cyclist,1
murakami,1
mythbuster,1
dressed,1
neighbors,1
minuto,1
neo,1
santanikatales,1
cleavenger,1
handful,1
takedown,1
hundred,1
nymphomania,1
operators,1
optimism,1
carving,1
delights,1
moral,1
symphony,1
valuables,1
supersexpert,1
poetry,1
asianal,1
swimmer,1
flowmotion,1
sexopedia,1
sexploration,1
interaction,1
rodgers,1
communication,1
unshaven,1
sicarius,1
siesta,1
simonson,1
joy,1
sandwich,1
negro,1
skate,1
mag,1
compartment,1
screamer,1
scent,1
sapphistry,1
buddhists,1
racewar,1
proposed,1
article,1
cowboy,1
rifleshooter,1
predilection,1
publishing,1
odin,1
repentance,1
roberto,1
giobbi,1
officer,1
rough,1
biofuel,1
rulology,1
infiltration,1
saddletime,1
gamefishing,1
break,1
boink,1
launderer,1
jux,1
fucker,1
buster,1
ravage,1
realism,1
sovereignty,1
ragnarok,1
chili,1
principiante,1
reminiscence,1
transforming,1
pyramid,1
retronaut,1
eldridge,1
cleaver,1
clas,1
psyscape,1
rio,1
babe,1
perditrion,1
robin,1
qwaser,1
dynamite,1
planete,1
pie,1
boobs,1
playa,1
greatert,1
elf,1
polly,1
popartportrait,1
desorder,1
pounded,1
creme,1
kan,1
puntoon,1
childbirth,1
pretense,1
promethean,1
goatsucker,1
psilocybin,1
handbo,1
seductive,1
dress,1
couture,1
romanticism,1
bootkit,1
glatman,1
quodoushka,1
seventy,1
taglietti,1
crazed,1
occupation,1
contempora,1
junk,1
sexbomb,1
sexipe,1
eaten,1
retarded,1
vengence,1
shado,1
shalaine,1
nightlife,1
innovation,1
transaction,1
kill,1
hay,1
symbols,1
skagboys,1
bloodletter,1
seraphic,1
undoing,1
feudal,1
narrative,1
pgs,1
bliss,1
saltier,1
sarai,1
minion,1
instinct,1
scaling,1
guts,1
schiele,1
scourge,1
moonflower,1
sebitti,1
slice,1
fatally,1
unequal,1
secretimes,1
offense,1
templar,1
intoxicant,1
amour,1
saudis,1
hawks,1
shoe,1
clay,1
nemesis,1
neonomicon,1
buoyancy,1
nudes,1
diaper,1
nicaragua,1
nicnevin,1
nightrunner,1
burger,1
nina,1
band,1
nlp,1
distress,1
lines,1
true,1
saunder,1
nosferatu,1
silencing,1
mutant,1
discovered,1
pigs,1
pagan,1
buonarroti,1
cheat,1
hornest,1
miracle,1
detect,1
misshape,1
sissy,1
missoula,1
drilled,1
pizza,1
museums,1
sharing,1
montage,1
heck,1
negotiation,1
moods,1
share,1
boot,1
orgasmic,1
warheads,1
smile,1
forever,1
slovakia,1
pho,1
contest,1
erasure,1
paparazzi,1
parasyte,1
away,1
therapists,1
magnus,1
opus,1
assisting,1
smart,1
roof,1
obscurity,1
phallacy,1
phallus,1
pharaohs,1
journalism,1
proffesional,1
historica,1
reborn,1
assessnebt,1
pageant,1
astronishing,1
blanco,1
exalted,1
familia,1
auf,1
photograhpy,1
oblivion,1
offspring,1
sanction,1
rice,1
raped,1
boundary,1
scar,1
cadence,1
embedded,1
daybook,1
ordeal,1
malibu,1
lovenest,1
saint,1
osric,1
bound,1
misrules,1
sleep,1
meech,1
wunderlust,1
taormina,1
willow,1
concentrate,1
stephy,1
brewer,1
persecution,1
university,1
campground,1
wrongs,1
yakuza,1
thang,1
mami,1
buck,1
maestro,1
written,1
tramp,1
zombiefrieze,1
foregone,1
achieve,1
warrant,1
wilder,1
snapshot,1
modotti,1
cathay,1
casual,1
viciou,1
spinoff,1
viet,1
maniacal,1
void,1
voluptou,1
supernatur,1
mysterious,1
togakure,1
sunny,1
enlightment,1
watermelon,1
disappearance,1
survivor,1
whargoul,1
kills,1
steals,1
blues,1
clear,1
affidavit,1
hombre,1
carrier,1
abs,1
rowena,1
throwing,1
witchblade,1
premier,1
meet,1
babes,1
assassination,1
counseling,1
wyrd,1
buyer,1
grams,1
baguazhyang,1
beau,1
stern,1
betonline,1
function,1
blackest,1
blackthorn,1
prisoners,1
blomannerism,1
holding,1
effortless,1
blacksmithing,1
alternatives,1
flashback,1
crew,1
receiver,1
meter,1
precepts,1
abraham,1
claim,1
adonis,1
classified,1
femininity,1
kyohan,1
teena,1
duos,1
bulletin,1
good,1
uranus,1
intrusion,1
certification,1
aroused,1
verdict,1
vampblade,1
slient,1
principality,1
stopper,1
strangler,1
sweeper,1
streetwear,1
rebel,1
sugartown,1
suggestion,1
dangerous,1
academy,1
susie,1
stocking,1
musasni,1
sanjulian,1
sympathy,1
tahoe,1
experi,1
taiji,1
siezing,1
blissful,1
tapestry,1
stoning,1
still,1
itinerary,1
sound,1
central,1
peddler,1
snaked,1
terminus,1
demensional,1
sola,1
revised,1
watching,1
sophie,1
sourland,1
steroid,1
spandex,1
spank,1
specification,1
spencerville,1
shuar,1
unconque,1
squirt,1
muarijuana,1
restorati,1
marseille,1
healer,1
stains,1
blatt,1
gruesome,1
toulouse,1
trafficker,1
triangle,1
dozier,1
ttt,1
arcana,1
flapper,1
handboook,1
naviagating,1
tatum,1
compas,1
understanding,1
contempor,1
illness,1
unearthing,1
lure,1
untitled,1
culter,1
untrue,1
torpedo,1
kenney,1
blackwoman,1
tagz,1
teardrop,1
drum,1
technopriests,1
evolving,1
southeast,1
blitzed,1
insanus,1
akedah,1
revolting,1
pachuco,1
salvatrucha,1
trois,1
thuggin,1
thumbprint,1
casket,1
tipping,1
olympian,1
renegade,1
timbuktu,1
sexplosion,1
charisma,1
dry,1
phot,1
bale,1
straw,1
ther,1
backyard,1
engine,1
paraphenallia,1
atreet,1
freestyle,1
vault,1
depot,1
conjure,1
niggas,1
underclass,1
vibes,1
pw,1
yahweh,1
golf,1
monument,1
adhd,1
weeding,1
gunnm,1
freebsd,1
uniform,1
overweight,1
amerikkka,1
edmund,1
oversized,1
hide,1
bubishl,1
chica,1
gudie,1
splicin,1
paganism,1
hemp,1
mein,1
kempt,1
forefather,1
heating,1
loaf,1
admission,1
doc,1
mini,1
nudity,1
durer,1
firepower,1
homosexual,1
escort,1
booklet,1
gesture,1
lluciano,1
department,1
mantracking,1
hoover,1
cedar,1
pirus,1
piruset,1
compton,1
brim,1
gurilla,1
orgam,1
whiteman,1
midori,1
catapult,1
tesla,1
sexcapade,1
director,1
beyonce,1
edtion,1
sofia,1
righter,1
negotiating,1
pictoria,1
archive,1
craftspeole,1
raunch,1
compelling,1
maneater,1
location,1
misadventure,1
wealth,1
submit,1
certificate,1
completion,1
strie,1
tumbling,1
affection,1
improvement,1
sexploit,1
genocide,1
genesis,1
crystal,1
treatment,1
murderville,1
greenhouse,1
orgy,1
potrait,1
choronicles,1
adhesion,1
sykowski,1
oyaet,1
css,1
sadhu,1
helper,1
faction,1
jujitsu,1
scenes,1
canada,1
shadowland,1
liability,1
hitman,1
melange,1
xxxvi,1
slinger,1
hobbyist,1
trauma,1
os,1
hindsight,1
hippocrene,1
shawn,1
catfink,1
inkmaster,1
villian,1
wildside,1
howard,1
impressionist,1
sealfit,1
yasha,1
siginal,1
casualty,1
proprietor,1
boatbuilding,1
deadbeat,1
porcreative,1
duality,1
colony,1
antiracist,1
mentalist,1
trailer,1
community,1
transient,1
trigun,1
counterintelligence,1
incendiary,1
bikes,1
prostrate,1
hook,1
homeskill,1
lung,1
womanizer,1
charcter,1
adolescence,1
liferz,1
assata,1
anathema,1
anton,1
dealership,1
tough,1
sensation,1
symbolism,1
qigong,1
emoji,1
retention,1
chalk,1
clairvoyance,1
pinturero,1
appraisal,1
forgot,1
loan,1
anyghing,1
germ,1
illistration,1
monter,1
tony,1
create,1
parody,1
coil,1
garage,1
sensuality,1
fiasco,1
cursing,1
badbroad,1
gory,1
striptease,1
splunk,1
tribe,1
nerve,1
bionic,1
amazement,1
nec,1
goth,1
dandy,1
compound,1
nocturnation,1
borderline,1
fauxlosophy,1
pursuit,1
polygamy,1
xxxi,1
spark,1
psychedelic,1
vinegar,1
goty,1
ballot,1
warewolve,1
scret,1
moslem,1
penitiarie,1
farm,1
fantomorphia,1
psycobility,1
grape,1
ru,1
ignition,1
exile,1
facebook,1
motivation,1
civillian,1
teaser,1
strain,1
locking,1
bol,1
illuminati,1
existence,1
microprocessor,1
monk,1
orientation,1
bethesda,1
guerrilla,1
valle,1
casino,1
howdunit,1
hussy,1
alaska,1
sensor,1
courtroom,1
grasp,1
legionnaire,1
milf,1
xxxx,1
reputation,1
pass,1
twin,1
plane,1
crap,1
terrorist,1
azerbaijani,1
berry,1
millenium,1
starport,1
stroke,1
denial,1
chunk,1
spider,1
ss,1
beatrice,1
databook,1
capone,1
lymphette,1
homeowner,1
hither,1
compulsion,1
peripheral,1
con,1
enuma,1
wait,1
sleeper,1
invoker,1
esssential,1
open,1
scratch,1
footprint,1
iq,1
drills,1
drying,1
kampfflieger,1
cream,1
godspell,1
premise,1
boob,1
module,1
basement,1
jails,1
cave,1
trance,1
protocol,1
privatization,1
prision,1
bareback,1
safely,1
rewind,1
flix,1
marking,1
phd,1
rod,1
ucc,1
adorable,1
fucking,1
equinox,1
homicide,1
bookmark,1
nationalnomic,1
progression,1
ilona,1
naughty,1
constant,1
attacker,1
klan,1
pope,1
exodus,1
lawmaker,1
colossus,1
complete,1
practicality,1
tyranny,1
manhunter,1
deep,1
roader,1
dining,1
hurt,1
funding,1
xxxxl,1
roblox,1
beta,1
bondage,1
large,1
recipie,1
physique,1
labryinth,1
ibogaine,1
policing,1
stikck,1
mix,1
prosecutor,1
spychip,1
exhuming,1
missile,1
dimiter,1
chateau,1
flip,1
flirting,1
tyannie,1
dealer,1
fitz,1
fishwrapper,1
mistake,1
lien,1
bureaucrat,1
linesider,1
snook,1
bureacrat,1
nge,1
halo,1
pride,1
ripped,1
gym,1
homosexuality,1
deminsion,1
tattooed,1
individual,1
volts,1
teenz,1
stick,1
surfer,1
luan,1
theology,1
jayda,1
slimthick,1
explainer,1
psychologist,1
decoupage,1
frontline,1
duck,1
tissue,1
superpie,1
install,1
tourism,1
bookazine,1
khronicles,1
alchemy,1
exposition,1
hedge,1
forest,1
osteopathic,1
solver,1
breathing,1
mario,1
brilliant,1
inflate,1
rosh,1
taoism,1
beef,1
orchos,1
culinary,1
fortnite,1
syob,1
tanakh,1
enchanting,1
ochobhbie,1
violation,1
memo,1
laser,1
djinny,1
hypnotic,1
selling,1
midst,1
fund,1
accounting,1
discourse,1
mongols,1
chia,1
agenda,1
unhexing,1
genie,1
vibrant,1
mujahedin,1
villan,1
greetings,1
mud,1
identifier,1
vital,1
hawkeyes,1
bathroom,1
commodity,1
lind,1
lever,1
esseential,1
tranquil,1
benefit,1
transformer,1
megiddo,1
depended,1
brokerage,1
necessity,1
hiker,1
snarky,1
adword,1
solving,1
cleaning,1
framing,1
navigating,1
click,1
hang,1
franchising,1
stockel,1
stoner,1
kept,1
came,1
repeat,1
advisors,1
disp,1
morty,1
brunettes,1
aryan,1
encycolpedia,1
pm,1
acupuncture,1
quality,1
deduction,1
equation,1
condiment,1
gravy,1
bowls,1
pringing,1
breaker,1
hieroglyphs,1
unredeemable,1
nzila,1
escher,1
nationalist,1
rejoice,1
intersection,1
darkest,1
puzzler,1
industrial,1
examples,1
income,1
chairman,1
gigavelli,1
imagine,1
radiant,1
tc,1
pot,1
literacy,1
hiragana,1
katakana,1
searchlight,1
anaimal,1
sefer,1
yetzirah,1
housing,1
single,1
dolphin,1
hp,1
isles,1
aeon,1
mutiny,1
raider,1
explosion,1
gunna,1
boating,1
creeptaxtic,1
spycraft,1
starke,1
trademarks,1
tasting,1
broker,1
planetary,1
veil,1
freerunning,1
slumpville,1
pediatric,1
chef,1
metabolism,1
servant,1
sexology,1
gamemaster,1
penpals,1
qi,1
gong,1
sheltered,1
caller,1
errors,1
endocrinology,1
reduction,1
prediction,1
signature,1
simchart,1
workflow,1
bouquet,1
simplicity,1
inborn,1
monsterology,1
gunrunner,1
leisure,1
roulette,1
bread,1
outdoorlife,1
pathfinder,1
riker,1
crisis,1
procrastination,1
renee,1
unauthorized,1
smell,1
zhang,1
xxxxix,1
real,1
musashi,1
syrup,1
learning,1
firebird,1
tangling,1
appreciation,1
eugene,1
goodgirl,1
inky,1
plaid,1
buddhism,1
seahourse,1
pancrea,1
coop,1
insext,1
cop,1
melville,1
hallorave,1
knockdown,1
parrot,1
government,1
duress,1
lottery,1
xxi,1
ofelia,1
luba,1
lettter,1
satisfie,1
loepard,1
foreclosure,1
frog,1
builder,1
culo,1
jackal,1
magnotta,1
yield,1
purchasing,1
hybridity,1
brainwash,1
bloomer,1
crite,1
idiots,1
jillybean,1
dialogues,1
medieval,1
atoms,1
existencilism,1
computation,1
configuring,1
stimulation,1
portal,1
supermacism,1
bras,1
planet,1
sife,1
sanctum,1
traiage,1
decimation,1
optic,1
iterruption,1
unity,1
rally,1
weedopedia,1
verdad,1
cow,1
eosphoro,1
dildo,1
zuhd,1
earn,1
organ,1
heavenly,1
neitsang,1
tattooist,1
ndrangheta,1
floral,1
warmachine,1
hotwife,1
patanjali,1
patanjal,1
entry,1
bamf,1
goomz,1
upright,1
restaurant,1
yesharim,1
calm,1
zendoodle,1
tile,1
haitian,1
planner,1
attention,1
symptom,1
manager,1
architect,1
marksmanship,1
penmanship,1
integration,1
begin,1
crusade,1
acre,1
watcher,1
chemical,1
cutting,1
sal,1
know,1
molecule,1
mobil,1
misconception,1
tweaks,1
urban,1
farming,1
domination,1
apartment,1
simplified,1
crossfit,1
barbering,1
networks,1
flora,1
pornzine,1
stand,1
bettie,1
gleipair,1
ethereum,1
frazetta,1
clock,1
arbitrage,1
friendship,1
shirts,1
screen,1
mentality,1
grawl,1
makeshift,1
affordable,1
magpi,1
headmaster,1
rutual,1
stunt,1
gatewatch,1
here,1
esher,1
ero,1
electronoic,1
bff,1
bootie,1
weeknight,1
salute,1
welder,1
bonk,1
boom,1
iii,1
counterpunching,1
bunz,1
engagement,1
marvel,1
cuff,1
mara,1
bishoujo,1
composition,1
cider,1
arduino,1
limerick,1
baron,1
tracing,1
processor,1
datum,1
wayward,1
spectre,1
grownup,1
review,1
frostline,1
homebrewer,1
disease,1
hawke,1
stake,1
jock,1
lava,1
loathsome,1
dressing,1
coffee,1
medium,1
re,1
independence,1
ios,1
jackass,1
jung,1
short,1
docdare,1
ace,1
arrangement,1
assimilation,1
freaks,1
lakeda,1
outdoorsman,1
observation,1
dopegirl,1
likker,1
agony,1
bra,1
apb,1
salvo,1
mouse,1
citation,1
atla,1
cmd,1
coke,1
correction,1
damenndyn,1
kata,1
thank,1
lead,1
fully,1
deadline,1
palette,1
tinder,1
gunfighter,1
hackabout,1
superstition,1
arrowhead,1
ch,1
guinea,1
architecture,1
sandman,1
cocksure,1
tae,1
kwon,1
regret,1
roach,1
gansta,1
wilde,1
onjs,1
uber,1
leechcraft,1
rving,1
gwar,1
france,1
lighting,1
martyr,1
apology,1
studio,1
pornoland,1
pornscape,1
aikida,1
jone,1
tenth,1
commander,1
woodpile,1
cokpobniwa,1
sensualist,1
shameless,1
stacy,1
stare,1
steal,1
roping,1
truce,1
quetzalcoatl,1
sunburst,1
finish,1
knotwork,1
jobs,1
unusual,1
wizrd,1
arsenic,1
rap,1
league,1
harleys,1
corridor,1
pentester,1
mcknight,1
handling,1
grant,1
cryptocurrencie,1
worst,1
luger,1
faces,1
mahabharata,1
haystak,1
oceano,1
asgardian,1
nirvana,1
ares,1
pay,1
xzibit,1
restless,1
sea,1
suzumiya,1
huncho,1
andiamo,1
xplicit,1
tune,1
recharge,1
phantom,1
chameleon,1
everythang,1
takeoff,1
bali,1
xtended,1
skanking,1
fusion,1
stippling,1
stretch,1
juice,1
rainbow,1
crowcall,1
mentalism,1
nofx,1
kit,1
keisha,1
gangter,1
survivalism,1
ledger,1
azure,1
ordinary,1
blame,1
biginner,1
parker,1
astrology,1
spine,1
refrigerator,1
opioid,1
are,1
sickness,1
songbook,1
flourishing,1
weezy,1
syndicate,1
clan,1
client,1
turtle,1
paz,1
proposal,1
occupant,1
nose,1
eve,1
animator,1
traidor,1
spirituality,1
terms,1
ebay,1
albums,1
bolume,1
transgression,1
vow,1
coлyhcka,1
tonystory,1
privilege,1
dopeboy,1
killas,1
riches,1
carter,1
voyeurs,1
conbody,1
cubana,1
scroll,1
haruki,1
ferals,1
luv,1
banger,1
cpn,1
identical,1
charlotte,1
times,1
jounstone,1
cloud,1
baptism,1
trom,1
affliction,1
handcuff,1
nomad,1
exorcist,1
tell,1
jujutsu,1
liberator,1
weakness,1
whitehouse,1
network,1
sir,1
cake,1
weet,1
bronx,1
deeper,1
dopeboys,1
prayer,1
hard,1
immortal,1
cert,1
malik,1
riggs,1
subway,1
persistant,1
malaki,1
drunkenness,1
streak,1
scorned,1
revolvers,1
kuroyukihime,1
cardz,1
achilles,1
pierre,1
quiet,1
elegance,1
succeeding,1
etan,1
elefante,1
spanky,1
captivate,1
varga,1
collecti,1
clap,1
rapper,1
bate,1
valentine,1
funatsu,1
claquin,1
haunter,1
threshold,1
pennick,1
dickens,1
planets,1
adan,1
rican,1
perversion,1
conjuring,1
gaze,1
december,1
aurora,1
weaponry,1
nightmare,1
masterclass,1
lizard,1
treasure,1
cecil,1
tyr,1
thot,1
opression,1
suffering,1
darkroom,1
underworld,1
diablo,1
cisco,1
dinka,1
cattle,1
singing,1
transmission,1
repercussion,1
dread,1
duet,1
universal,1
hade,1
guerilla,1
warefare,1
flinch,1
indiscreation,1
suicider,1
cosmotheism,1
acetate,1
beachbunnie,1
tyson,1
stained,1
muerte,1
deer,1
devil,1
shriner,1
internal,1
womanhood,1
stepfather,1
demonstration,1
seamanship,1
captivity,1
apostle,1
arifureta,1
swordmanship,1
extract,1
control,1
vel,1
actor,1
futurelog,1
theme,1
smut,1
rookie,1
roughn,1
sadopaideia,1
accident,1
mugging,1
burglary,1
mediation,1
shakedown,1
sombra,1
nsda,1
evolution,1
souvenir,1
spellbound,1
insruction,1
starlet,1
africanism,1
sisterhood,1
hustelr,1
takeover,1
pimpnosis,1
weee,1
libertore,1
homosex,1
iboga,1
idolhouse,1
sabre,1
ironman,1
knockemstiff,1
xvii,1
xxxxviii,1
sadist,1
pandemonium,1
roving,1
necromance,1
portrayal,1
necronomico,1
inclination,1
odinist,1
opium,1
hacer,1
coward,1
marathon,1
neighborhood,1
complaint,1
weaving,1
shadowglass,1
dogfancy,1
patter,1
vineyard,1
lemar,1
illegal,1
dragonology,1
san,1
cheatsheet,1
rapture,1
adultery,1
loop,1
uline,1
kitplane,1
bicycling,1
psalms,1
assistant,1
physic,1
chi,1
detour,1
artnew,1
fhm,1
informer,1
fredrickson,1
sod,1
forbe,1
molly,1
roots,1
mayheim,1
tucker,1
plannner,1
tour,1
begining,1
watch,1
honeymoon,1
america,1
shogun,1
infant,1
scientist,1
kwame,1
surgery,1
expedition,1
townhall,1
sprite,1
relic,1
crank,1
vanidade,1
crave,1
covet,1
romeo,1
dragonworld,1
raman,1
attila,1
faggots,1
deacon,1
rocky,1
moutain,1
godclaw,1
salvage,1
cookery,1
excercise,1
daytrading,1
pine,1
mcworld,1
gig,1
confessor,1
fi,1
portia,1
dedicant,1
bead,1
monogram,1
zfinity,1
counselor,1
shuffled,1
payne,1
governor,1
decide,1
werewolfs,1
jack,1
concise,1
stuntology,1
dreamfever,1
maldito,1
cleopatra,1
growgirl,1
military,1
bryson,1
ivan,1
devant,1
flavor,1
declaration,1
allegiance,1
beautifully,1
dawning,1
kitchen,1
hustling,1
tobacco,1
polygraph,1
altered,1
akimirko,1
percival,1
cottage,1
petal,1
tryst,1
covid,1
trivium,1
speeding,1
turn,1
torch,1
ideology,1
sapphire,1
litha,1
outskirt,1
papillon,1
peeble,1
mabon,1
mining,1
forge,1
runaway,1
foe,1
chair,1
api,1
handwriting,1
scorpion,1
skorn,1
slope,1
botherhood,1
speer,1
payer,1
undressing,1
wrestler,1
ruta,1
direction,1
invader,1
shapiro,1
divert,1
repression,1
discliplinary,1
smuggling,1
moonlight,1
previously,1
rebelrodz,1
diversion,1
ashe,1
choque,1
xx,1
asshole,1
ensue,1
mm,1
radar,1
shoujo,1
semaphore,1
dexter,1
shangri,1
santeria,1
la,1
hoodfellas,1
mathematic,1
plot,1
false,1
bagger,1
vivd,1
owner,1
mancraft,1
minivan,1
daytripper,1
ce,1
remington,1
eater,1
domain,1
boat,1
verticality,1
shutterbug,1
travis,1
tiller,1
bodycount,1
matchup,1
rexha,1
fault,1
ty,1
tsavo,1
interstitial,1
escapes,1
bean,1
loved,1
vert,1
coma,1
boosie,1
reckless,1
going,1
awakenings,1
muerderer,1
archangel,1
surtur,1
celly,1
hater,1
carti,1
playboi,1
partition,1
trill,1
rustication,1
spaghetti,1
phychology,1
unmastered,1
comic_strip,1
sehnsucht,1
wiz,1
khalifa,1
gargoyle,1
boxes,1
urinal,1
capability,1
dj,1
viejones,1
fashinonable,1
menace,1
yo,1
wyte,1
shroud,1
eternity,1
outlander,1
iceland,1
airbrush,1
tutorial,1
issent,1
nightbringer,1
contraption,1
sanitarium,1
periphery,1
burn,1
earl,1
hort,1
moccasin,1
motionless,1
sacking,1
harmony,1
toolkit,1
xxxtentacion,1
organizing,1
angst,1
worship,1
booby,1
trying,1
kartel,1
chief,1
elliphant,1
golden,1
usual,1
volta,1
robbin,1
await,1
headhunter,1
midwinter,1
egyptain,1
bleach,1
cornerstone,1
vivisectvi,1
charrett,1
sheldon,1
omarion,1
perfil,1
respire,1
magik,1
musa,1
summertime,1
haze,1
quik,1
toxicity,1
schoolboy,1
q,1
oxymoron,1
distiller,1
lemon,1
dropout,1
nephew,1
conscience,1
belle,1
nymphetamine,1
vampirella,1
disapear,1
stones,1
shmurda,1
strippy,1
weeknd,1
madness,1
massacre,1
loser,1
asap,1
xorcist,1
kxng,1
partynextdoor,1
jeremih,1
chainz,1
cube,1
verybody,1
duke,1
darkly,1
sepultura,1
suga,1
thesouth,1
ezekiel,1
sevenfold,1
budden,1
blowdown,1
miller,1
loco,1
roleplay,1
rejuvenation,1
profiler,1
young,1
wrongfully,1
zebra,1
ulcer,1
cure,1
warface,1
starstruck,1
pops,1
dawnthief,1
noonshade,1
twista,1
rockie,1
pilgrim,1
outkast,1
cryptoprofit,1
dummmie,1
quan,1
mezmerize,1
jadakiss,1
skein,1
wire,1
mare,1
pusha,1
opiate,1
personality,1
avenged,1
en,1
treet,1
batwoman,1
vsphere,1
chelsea,1
grin,1
dignosis,1
undertow,1
ringer,1
rittz,1
eazy,1
funk,1
moe,1
dogg,1
inglish,1
orca,1
anacarchism,1
