,publication_verbs
penthouse,506
draw,303
illustrate,176
know,124
color,122
live,122
handbook,118
edit,107
learn,98
burn,97
spectrum,95
love,92
kill,91
build,91
want,87
lose,84
make,73
grow,71
write,70
go,67
start,65
get,65
play,62
come,59
survive,56
find,53
fight,51
turn,49
need,47
teach,47
rise,47
die,46
create,45
win,43
read,42
tell,42
bear,42
work,41
box,41
run,39
hack,38
sleep,37
present,36
unlimite,36
raise,34
legal,32
walk,31
change,29
understand,28
blow,28
begin,27
trust,27
shoot,27
kiss,26
atla,26
let,25
code,25
gent,24
take,24
expose,24
boat,24
update,24
talk,23
look,23
escape,23
encyclopedia,23
break,22
use,22
lie,21
paint,21
cry,21
sell,20
design,20
sketch,20
fall,19
ink,18
pay,18
bury,18
call,18
cross,18
see,17
explore,17
invest,17
stay,17
catch,16
try,16
steal,16
base,16
stand,16
card,15
think,15
master,15
hide,15
remember,15
happen,15
wake,15
stop,14
hunt,14
watch,14
speak,14
kick,14
show,14
r,14
reveal,14
discover,14
gracie,13
train,13
thai,13
develop,13
bring,13
keep,13
meet,13
hold,13
face,12
tie,12
welcome,12
protect,12
guide,12
serve,12
approve,12
hear,12
choose,12
cheat,12
free,12
bind,12
petah,12
prohibit,11
disappear,11
defend,11
photography,11
lowrider,11
connect,11
iron,11
push,11
like,11
save,11
got,10
strip,10
matter,10
wire,10
fly,10
control,10
roll,10
dare,10
relax,10
have,10
saki,10
marry,10
light,10
murder,10
prepare,10
ask,9
practice,9
help,9
easy,9
autobiography,9
tattoo,9
s,9
give,9
sign,9
tantric,9
publish,9
feel,9
eat,9
sailor,9
book,9
climb,9
collect,9
hit,8
fold,8
physiology,8
relieve,8
enquirer,8
pass,8
deal,8
forget,8
fix,8
freeze,8
backpacker,8
pretty,8
vike,8
heal,8
leonardo,8
lay,8
explain,8
destroy,7
wish,7
include,7
drive,7
kinky,7
unleash,7
punisher,7
hate,7
inspire,7
sovereign,7
beekeepe,7
rule,7
trade,7
ride,7
lead,7
jeet,7
set,7
feature,7
sketchbook,7
pimp,7
listen,7
forbid,7
leave,7
order,7
repair,7
saga,6
preacher,6
past,6
form,6
sizzle,6
charge,6
follow,6
genesi,6
splash,6
sail,6
suck,6
pick,6
issue,6
psilocybin,6
outlaw,6
busty,6
lock,6
seek,6
strike,6
sing,6
trap,6
psychology,6
celebrate,6
bitch,6
dogg,6
vanish,6
solve,6
yard,6
hurt,6
cultivate,6
road,6
seduce,6
cook,6
queen,6
select,6
introduce,6
step,6
photograph,5
gather,5
paradise,5
hand,5
network,5
guidebook,5
reload,5
scream,5
kali,5
slash,5
grind,5
wear,5
wrestle,5
thrive,5
feather,5
move,5
respect,5
almanac,5
week,5
end,5
drop,5
chase,5
suffer,5
arabic,5
captivate,5
be,5
disturb,5
entwine,5
legend,5
say,5
enter,5
transform,5
enchant,5
shine,5
enhance,5
crack,5
catalog,5
supplement,5
figure,5
toxic,5
buy,5
stick,5
enrich,5
mind,5
punch,5
tool,5
hope,5
wait,5
thick,5
identify,5
bet,5
reflect,4
sacred,4
avoid,4
manage,4
dickmatize,4
total,4
return,4
pander,4
journey,4
breed,4
manara,4
organize,4
repeat,4
greek,4
ramen,4
cannabis,4
justify,4
appear,4
expect,4
close,4
gone,4
omamori,4
sit,4
open,4
smoke,4
sunstone,4
discharge,4
tiny,4
inuyasha,4
expand,4
leather,4
practically,4
travel,4
rate,4
belong,4
capture,4
shyt,4
abduct,4
homestead,4
god,4
addict,4
compile,4
vida,4
print,4
storie,4
revise,4
oral,4
betty,4
cope,4
tech,4
defy,4
express,4
operate,4
porn,4
hypnotize,4
haunt,4
suppose,4
touch,4
taboo,4
beat,4
program,4
calendar,4
add,4
defeat,4
fail,4
impress,4
edible,3
campaign,3
weapon,3
island,3
shatter,3
sniper,3
colt,3
spycraft,3
wrap,3
simplify,3
case,3
spellbook,3
weed,3
succubus,3
colossal,3
sword,3
cover,3
nail,3
inmate,3
crash,3
spar,3
define,3
cut,3
challenge,3
dance,3
relate,3
johnny,3
craft,3
orgasm,3
decode,3
piece,3
tame,3
weigh,3
send,3
reverse,3
satisfy,3
spank,3
dot,3
stain,3
promise,3
swinge,3
smut,3
gospel,3
accel,3
works,3
command,3
conceal,3
time,3
mean,3
technique,3
african,3
knock,3
treason,3
sari,3
slaughter,3
accord,3
trace,3
track,3
witchcraft,3
way,3
shut,3
exorcist,3
earn,3
draft,3
analyze,3
detective,3
survivor,3
miss,3
click,3
idolhouse,3
improvise,3
cookbook,3
warrior,3
payback,3
beauty,3
rent,3
search,3
slasher,3
crave,3
release,3
beneath,3
dopefiend,3
enslave,3
faeryland,3
ferment,3
bartende,3
shock,3
isbn,3
m,3
encounter,3
kandy,3
corrupt,3
crush,3
herbal,3
idraw,3
guarantee,3
waste,3
fill,3
pimpology,3
explicit,3
cream,3
dead,3
deceive,3
overcome,3
finish,3
vlad,3
gate,3
stone,3
spy,3
uncover,3
shake,3
cast,3
rebuild,3
quick,3
thank,3
paper,3
rush,3
incarcerate,3
workbook,3
savage,3
test,3
bishoujo,3
ban,3
skin,3
kendrick,3
convict,3
penetrate,3
predict,3
arrest,3
desire,3
rayful,3
spill,3
reach,3
cripple,3
dr,3
xxxx,3
nlp,3
handy,3
masturbation,3
grid,3
fear,3
portrait,3
ax,3
graham,3
favorite,3
hellblazer,2
vindicate,2
killers,2
unzipped,2
awkward,2
beware,2
seal,2
feed,2
smile,2
up,2
toilet,2
destine,2
reclaim,2
clitology,2
lennon,2
tangle,2
vixen,2
honor,2
hike,2
intent,2
drink,2
workout,2
roman,2
scuse,2
cause,2
force,2
seraph,2
cried,2
stretch,2
familia,2
elric,2
dress,2
share,2
tempt,2
guard,2
intend,2
rape,2
thug,2
infect,2
clean,2
heart,2
hush,2
rescue,2
isis,2
shot,2
sven,2
fish,2
kounty,2
pepper,2
clap,2
talmud,2
misbehave,2
dive,2
konohana,2
deprive,2
rap,2
undress,2
vallejo,2
dig,2
coward,2
mark,2
pleasure,2
copyright,2
vampire,2
ward,2
aim,2
abandon,2
michelangelo,2
vybz,2
awaken,2
girl,2
predator,2
pose,2
cult,2
compare,2
shape,2
declare,2
checkmate,2
whore,2
friend,2
abys,2
makes,2
jacket,2
laugh,2
wet,2
arrive,2
travis,2
improve,2
patrick,2
habibi,2
advance,2
succeed,2
duel,2
judge,2
whisper,2
imagine,2
surrender,2
karate,2
gigant,2
require,2
decipher,2
measure,2
bosch,2
revisit,2
eye,2
tragedy,2
punish,2
seize,2
lilith,2
thicker,2
loyal,2
grindhouse,2
tradition,2
contrast,2
bond,2
rejuvenate,2
traffic,2
butterfly,2
tease,2
sharp,2
clone,2
wonder,2
mess,2
barker,2
gods,2
lucky,2
unzip,2
lovemake,2
block,2
artist,2
airbrush,2
swap,2
quiet,2
trick,2
concise,2
psychic,2
shugga,2
covid,2
primitive,2
double,2
presume,2
satanika,2
reborn,2
candy,2
sharpen,2
advocate,2
reason,2
romantic,2
venus,2
integrate,2
werewolf,2
plan,2
trejo,2
treat,2
blogge,2
bust,2
taschen,2
beginner,2
winchester,2
secure,2
certify,2
shantie,2
ru,2
quartermaster,2
butterwater,2
orient,2
install,2
sudoku,2
conjure,2
flirt,2
fuck,2
investigate,2
podcast,2
choice,2
determine,2
censor,2
phone,2
lucifer,2
swing,2
mourn,2
instinct,2
embarrass,2
finance,2
buck,2
name,2
negotiate,2
split,2
prospectus,2
wizard,2
keys,2
pocket,2
plenty,2
jewish,2
electric,2
knots,2
mirror,2
ultimate,2
holt,2
weld,2
lucid,2
lace,2
unmask,2
taint,2
wicca,2
amend,2
swimsuit,2
quote,2
maintain,2
spin,2
sneak,2
abolish,2
sick,2
resurrect,2
starlet,2
horror,2
mix,2
produce,2
activate,2
stalk,2
extreme,2
pawn,2
sound,2
offer,2
enshrine,2
wolf,2
kink,2
shout,2
experience,2
filth,2
silenced,2
dismiss,2
summon,2
tenge,2
trainspotte,2
testament,2
coach,2
seductive,2
remedy,2
answer,2
unveil,2
outgrow,1
deliver,1
gallery,1
impose,1
explorer,1
thuggz,1
disorder,1
elaborate,1
crème,1
guru,1
schocke,1
black,1
finder,1
tagz,1
cosplay,1
inferno,1
daphne,1
holler,1
detect,1
commit,1
darkwerks,1
divas,1
defense,1
ropework,1
wallis,1
westside,1
powerboate,1
hottie,1
establish,1
sheet,1
forth,1
shoujo,1
edouard,1
infiltrate,1
newswatch,1
earth,1
horticultura,1
rage,1
antibodie,1
devilish,1
died,1
d,1
raider,1
erotic,1
esoteric,1
maximize,1
minimize,1
olympu,1
epithets,1
privacy,1
synopsis,1
forgive,1
floss,1
mengele,1
sexual,1
unchain,1
life,1
note,1
dream,1
saiyan,1
filthy,1
faces,1
dragon,1
survivlal,1
journal,1
delinquent,1
raven,1
eradicate,1
goodbye,1
blacksmithe,1
u,1
combat,1
ambush,1
backpack,1
imporve,1
catastrophic,1
reflection,1
tinhouse,1
boudoir,1
counterpunche,1
illlustrate,1
stoker,1
brown,1
poetry,1
beautie,1
thunderbolt,1
benign,1
largo,1
ideologie,1
compilation,1
qex,1
bittersweet,1
aphrodisiacs,1
recoil,1
wizzardy,1
dwell,1
zone,1
assume,1
nogi,1
astrosex,1
forensic,1
tol,1
owes,1
contest,1
whispers,1
believe,1
accept,1
season,1
movie,1
proust,1
geisha,1
thirst,1
raleigh,1
weiwei,1
hippie,1
deceit,1
italy,1
covers,1
uncut,1
subversive,1
semana,1
stamp,1
secrets,1
senghor,1
birth,1
instal,1
court,1
saltwater,1
rune,1
perspective,1
criss,1
experimenters,1
badlands,1
fellatio,1
man,1
star,1
shop,1
bitchcraft,1
aggravate,1
cash,1
chasing,1
ciba,1
reinvent,1
gentle,1
exercise,1
tabu,1
adrift,1
sportsform,1
accuse,1
supergod,1
boxin,1
superbike,1
cipher,1
grey,1
sequel,1
racism,1
taiji,1
execute,1
saudek,1
profile,1
slept,1
ecstasy,1
cadmus,1
voynich,1
violate,1
vibe,1
lord,1
volume,1
gauguin,1
pedro,1
passionista,1
pen,1
uncoil,1
munition,1
gouge,1
perform,1
irish,1
petite,1
journalism,1
pickle,1
puke,1
pantha,1
thin,1
wraith,1
noma,1
bunny,1
fermentation,1
pray,1
switch,1
para,1
ono,1
oink,1
yanomani,1
winsome,1
paddle,1
compendium,1
winemake,1
designs,1
wayfinde,1
wifey,1
origrafix,1
ornamental,1
own,1
wifetress,1
pixu,1
pplay,1
paralegal,1
nympho,1
raphael,1
single,1
depend,1
glitter,1
concealed,1
shapeshifte,1
reiko,1
shards,1
counsel,1
settle,1
rampage,1
ravish,1
rewrite,1
roots,1
rot,1
proof,1
sadopaidela,1
sausagey,1
sasha,1
salem,1
slaine,1
steel,1
postsecret,1
systema,1
threatened,1
laney,1
pregnant,1
dorrie,1
forage,1
press,1
tap,1
pump,1
classics,1
pure,1
ramayana,1
suppli,1
squad,1
kuen,1
stranded,1
stencil,1
qigong,1
soulmate,1
root,1
sordid,1
refine,1
naive,1
instant,1
shudder,1
estate,1
howl,1
sandman,1
cryptographic,1
vanesa,1
rashee,1
biodiesel,1
hospitality,1
phillip,1
anthropology,1
store,1
divine,1
introspective,1
locker,1
iphone,1
aikido,1
alchemy,1
demouchette,1
sellle,1
anibal,1
empower,1
dinh,1
american,1
collectible,1
saved,1
vince,1
cannon,1
thrill,1
talked,1
customize,1
plant,1
clobber,1
havana,1
burst,1
playbook,1
gypsie,1
head,1
helena,1
spawn,1
newton,1
unlocking,1
hook,1
lift,1
brew,1
unjustly,1
hyperreal,1
ramrod,1
glut,1
chiki,1
medieval,1
deplete,1
mexican,1
araki,1
midnighter,1
mierda,1
care,1
photo,1
alraune,1
maverick,1
fist,1
allboy,1
mislead,1
mitigate,1
model,1
musume,1
monster,1
mushroom,1
acquire,1
arena,1
mated,1
pink,1
rulebook,1
pie,1
pilate,1
seat,1
codebreaker,1
chart,1
bleed,1
career,1
lethal,1
calculate,1
terrorized,1
alive,1
fast,1
lola,1
bone,1
barrett,1
picturae,1
babes,1
magi,1
sponsor,1
irritate,1
thou,1
obsessed,1
iiii,1
linkedin,1
tradecraft,1
covert,1
pende,1
testimonie,1
theme,1
taxidermied,1
rationalize,1
trailersteade,1
traveller,1
treasure,1
trendy,1
truth,1
twitter,1
perl,1
reader,1
vexed,1
suspects,1
vintage,1
achieve,1
voodoo,1
desk,1
quartuccio,1
perceive,1
woodcarve,1
woodworke,1
banish,1
summer,1
ingest,1
insert,1
strengthen,1
uglie,1
possess,1
soothe,1
possibly,1
trauma,1
safeguard,1
controller,1
programmer,1
bless,1
pursue,1
retell,1
identitie,1
rediscover,1
retro,1
rig,1
ringworld,1
scarf,1
screenplay,1
ship,1
shotgun,1
shrink,1
spice,1
telephone,1
rental,1
legion,1
brother,1
invent,1
affirm,1
vow,1
window,1
bully,1
series,1
crossover,1
demigods,1
toy,1
revolutionize,1
im,1
enlightment,1
skincyclopedia,1
computer,1
postmodernism,1
slump,1
join,1
demonology,1
govern,1
afterlife,1
edge,1
wotan,1
marvel,1
bite,1
collide,1
substitute,1
grapple,1
discipline,1
whirl,1
upgrade,1
youtube,1
z,1
teve,1
muscle,1
curate,1
brave,1
chat,1
cherish,1
contact,1
cuff,1
fake,1
flint,1
freed,1
cute,1
fuse,1
gunsmithe,1
diagnose,1
avenge,1
mastermind,1
interrupt,1
nam,1
printreade,1
react,1
represent,1
rite,1
roleplay,1
starve,1
phishe,1
pedagogy,1
font,1
confront,1
unmasket,1
harvest,1
dehydrate,1
firecraft,1
comptia,1
futureproof,1
configure,1
service,1
consult,1
put,1
crayola,1
celtic,1
confession,1
part,1
crowdfunde,1
kinh,1
puff,1
burned,1
slang,1
english,1
columbia,1
delight,1
zalman,1
cros,1
greet,1
better,1
combatives,1
check,1
flash,1
certifiably,1
activites,1
administer,1
classroom,1
calm,1
eurozone,1
advanced,1
sensitive,1
weather,1
artwork,1
wholesale,1
autolisp,1
awakening,1
differ,1
report,1
mayhem,1
convey,1
body,1
boy,1
teaser,1
brutal,1
outfit,1
butcher,1
photographic,1
frame,1
tomatoe,1
enforce,1
entrepreneurship,1
elish,1
inspiration,1
informal,1
letter,1
pop,1
railroad,1
insider,1
lone,1
wunder,1
salute,1
previously,1
melt,1
mill,1
moonlight,1
examine,1
effortlessly,1
navigate,1
adopt,1
verbal,1
numberology,1
orbriefe,1
amuse,1
oudoor,1
padre,1
package,1
papillon,1
parachute,1
hebrew,1
jornal,1
surve,1
rain,1
flip,1
flora,1
reduce,1
garden,1
gaze,1
gemstone,1
dumb,1
gnostic,1
tatto,1
agent,1
pacmohau,1
holograms,1
crate,1
beer,1
convert,1
evertthe,1
foreclose,1
overthrow,1
absurd,1
exist,1
apply,1
increase,1
infosec,1
russo,1
geniu,1
engineer,1
editie,1
dictate,1
crucify,1
wander,1
size,1
bowhunte,1
exchange,1
mentalism,1
automate,1
affect,1
gerardo,1
sow,1
threaten,1
paste,1
enjoy,1
slip,1
assata,1
coyote,1
risk,1
sin,1
startup,1
farewell,1
sink,1
chronicle,1
impound,1
poppin,1
unlease,1
bloomed,1
koan,1
symptom,1
sho,1
kidnap,1
pc,1
cabin,1
playboi,1
jhene,1
strangele,1
miztape,1
gotta,1
hater,1
strictly,1
puppy,1
divide,1
poison,1
aztec,1
mangazine,1
ability,1
grit,1
southland,1
venture,1
southwest,1
wasp,1
mask,1
albuquerque,1
taylor,1
slab,1
smell,1
embellish,1
mob,1
nerve,1
deny,1
act,1
modify,1
adore,1
intersect,1
grease,1
portray,1
ember,1
wash,1
bar,1
exhume,1
convince,1
platinvm,1
rosebud,1
scam,1
scamme,1
sever,1
shattering,1
sidetrippe,1
deisappear,1
soup,1
spread,1
internalize,1
launch,1
tulsa,1
whip,1
whittle,1
rip,1
firefly,1
perfect,1
eyemaze,1
pet,1
pihakal,1
drow,1
rack,1
reckon,1
rock,1
sage,1
chapter,1
slate,1
straddle,1
target,1
taste,1
welt,1
pretexte,1
truce,1
twist,1
uprise,1
visit,1
tail,1
flame,1
excercise,1
alhazre,1
ascend,1
guts,1
export,1
whitechapel,1
greatest,1
pg,1
bookkeepe,1
pleat,1
snipe,1
chain,1
bare,1
undetecte,1
hip,1
claim,1
pull,1
homebrewe,1
beg,1
witness,1
handcuff,1
cane,1
purple,1
carry,1
comfort,1
fetish,1
ghettoside,1
generate,1
incorporate,1
perdict,1
huey,1
submit,1
dominate,1
interview,1
ruin,1
manhandle,1
indict,1
splurge,1
distil,1
whack,1
bestselle,1
pierce,1
untame,1
intenalize,1
authorize,1
provide,1
copy,1
foreward,1
lure,1
date,1
post,1
spot,1
tat,1
bash,1
stage,1
complete,1
estimate,1
bake,1
badass,1
xscape,1
attack,1
behold,1
obsess,1
prolong,1
formulate,1
averboten,1
shave,1
study,1
javascript,1
demystify,1
spend,1
releive,1
emperor,1
linux,1
ross,1
soldaten,1
tvynovelas,1
winterbirth,1
slave,1
jomsvike,1
raid,1
strive,1
vmware,1
reign,1
programming,1
lil,1
figaz,1
bo,1
curse,1
exonerate,1
power,1
aquemini,1
clave,1
countertop,1
joke,1
singe,1
unshackle,1
await,1
abuse,1
woodcraft,1
cruel,1
danish,1
enclycopedia,1
explosive,1
refuse,1
dash,1
razorsd,1
gain,1
elevate,1
cruise,1
crossbow,1
deathland,1
wound,1
trompeta,1
vermeer,1
hammer,1
aperture,1
devote,1
imperfect,1
recover,1
pinstripe,1
xbox,1
reimage,1
